event_name,num_threads,mae,rmse,pearson,spearman
prince-toronto,12,0.35313844680786133,0.3599211275577545,-0.07619130496305933,-0.2183565733705734
putinmissing,9,0.3195778429508209,0.33728206157684326,0.25598960678341554,0.06846531968814576
sydneysiege,71,0.3082824647426605,0.3288044333457947,-0.027832465596074517,-0.05444383527052162
