group_name,group_value,num_threads,mae,rmse,pearson,spearman,majority_sentiment_accuracy,majority_sentiment_macro_f1,majority_sentiment_weighted_f1,loss,gate_source_mean,gate_temporal_mean,gate_structure_mean
overall,all,92,0.31523823738098145,0.33385637402534485,-0.05826493328736684,-0.10039520679848353,0.967391304347826,0.3278084714548803,0.9513571943310113,0.11089103668928146,,,
split,test,92,0.31523823738098145,0.33385637402534485,-0.05826493328736684,-0.10039520679848353,0.967391304347826,0.3278084714548803,0.9513571943310113,,,,
observation_ratio,0.5,92,0.31523823738098145,0.33385637402534485,-0.05826493328736684,-0.10039520679848353,0.967391304347826,0.3278084714548803,0.9513571943310113,,,,
event,prince-toronto,12,0.35313844680786133,0.3599211275577545,-0.07619130496305933,-0.2183565733705734,1.0,1.0,1.0,,,,
event,putinmissing,9,0.3195778429508209,0.33728206157684326,0.25598960678341554,0.06846531968814576,1.0,1.0,1.0,,,,
event,sydneysiege,71,0.3082824647426605,0.3288044333457947,-0.027832465596074517,-0.05444383527052162,0.9577464788732394,0.3261390887290168,0.9370756915594285,,,,
