event_name,num_threads,mae,rmse,pearson,spearman
ottawashooting,58,0.13179385662078857,0.16740016639232635,0.18916957822321648,0.4613526688092922
