group_name,group_value,num_threads,mae,rmse,pearson,spearman,majority_sentiment_accuracy,majority_sentiment_macro_f1,majority_sentiment_weighted_f1,loss,gate_source_mean,gate_temporal_mean,gate_structure_mean
overall,all,58,0.13179385662078857,0.16740016639232635,0.18916957822321648,0.4613526688092922,0.896551724137931,0.3151515151515151,0.8476489028213167,0.02764367964118719,,,
split,test,58,0.13179385662078857,0.16740016639232635,0.18916957822321648,0.4613526688092922,0.896551724137931,0.3151515151515151,0.8476489028213167,,,,
observation_ratio,0.5,58,0.13179385662078857,0.16740016639232635,0.18916957822321648,0.4613526688092922,0.896551724137931,0.3151515151515151,0.8476489028213167,,,,
event,ottawashooting,58,0.13179385662078857,0.16740016639232635,0.18916957822321648,0.4613526688092922,0.896551724137931,0.3151515151515151,0.8476489028213167,,,,
