event_name,num_threads,mae,rmse,pearson,spearman
prince-toronto,12,0.08863062411546707,0.09956859052181244,0.2939876286446089,0.30569920271880274
putinmissing,9,0.11622871458530426,0.14673036336898804,-0.4320553855587115,-0.5249007842757842
sydneysiege,71,0.12607258558273315,0.20377478003501892,-0.2268104083723407,0.05114981668515356
