group_name,group_value,num_threads,mae,rmse,pearson,spearman,majority_sentiment_accuracy,majority_sentiment_macro_f1,majority_sentiment_weighted_f1,loss,gate_source_mean,gate_temporal_mean,gate_structure_mean
overall,all,92,0.12022585421800613,0.1882687360048294,-0.14257958452654895,0.09823186235829275,0.967391304347826,0.3278084714548803,0.9513571943310113,0.034444934067626796,,,
split,test,92,0.12022585421800613,0.1882687360048294,-0.14257958452654895,0.09823186235829275,0.967391304347826,0.3278084714548803,0.9513571943310113,,,,
observation_ratio,0.5,92,0.12022585421800613,0.1882687360048294,-0.14257958452654895,0.09823186235829275,0.967391304347826,0.3278084714548803,0.9513571943310113,,,,
event,prince-toronto,12,0.08863062411546707,0.09956859052181244,0.2939876286446089,0.30569920271880274,1.0,1.0,1.0,,,,
event,putinmissing,9,0.11622871458530426,0.14673036336898804,-0.4320553855587115,-0.5249007842757842,1.0,1.0,1.0,,,,
event,sydneysiege,71,0.12607258558273315,0.20377478003501892,-0.2268104083723407,0.05114981668515356,0.9577464788732394,0.3261390887290168,0.9370756915594285,,,,
