event_name,num_threads,mae,rmse,pearson,spearman
prince-toronto,12,0.08739369362592697,0.0966239869594574,0.13209300480992786,0.04367131467411468
