group_name,group_value,num_threads,mae,rmse,pearson,spearman,majority_sentiment_accuracy,majority_sentiment_macro_f1,majority_sentiment_weighted_f1,loss,gate_source_mean,gate_temporal_mean,gate_structure_mean
overall,all,12,0.08739369362592697,0.0966239869594574,0.13209300480992786,0.04367131467411468,1.0,1.0,1.0,0.009336194954812527,,,
split,test,12,0.08739369362592697,0.0966239869594574,0.13209300480992786,0.04367131467411468,1.0,1.0,1.0,,,,
observation_ratio,0.5,12,0.08739369362592697,0.0966239869594574,0.13209300480992786,0.04367131467411468,1.0,1.0,1.0,,,,
event,prince-toronto,12,0.08739369362592697,0.0966239869594574,0.13209300480992786,0.04367131467411468,1.0,1.0,1.0,,,,
