event_name,num_threads,mae,rmse,pearson,spearman
ottawashooting,58,0.17870517075061798,0.22408145666122437,0.040242566489513534,0.13801001843734104
