group_name,group_value,num_threads,mae,rmse,pearson,spearman,majority_sentiment_accuracy,majority_sentiment_macro_f1,majority_sentiment_weighted_f1,loss,gate_source_mean,gate_temporal_mean,gate_structure_mean
overall,all,58,0.17870517075061798,0.22408145666122437,0.040242566489513534,0.13801001843734104,0.896551724137931,0.3151515151515151,0.8476489028213167,0.049480464309453964,,,
split,test,58,0.17870517075061798,0.22408145666122437,0.040242566489513534,0.13801001843734104,0.896551724137931,0.3151515151515151,0.8476489028213167,,,,
observation_ratio,0.5,58,0.17870517075061798,0.22408145666122437,0.040242566489513534,0.13801001843734104,0.896551724137931,0.3151515151515151,0.8476489028213167,,,,
event,ottawashooting,58,0.17870517075061798,0.22408145666122437,0.040242566489513534,0.13801001843734104,0.896551724137931,0.3151515151515151,0.8476489028213167,,,,
