event_name,num_threads,mae,rmse,pearson,spearman
prince-toronto,12,0.08101557940244675,0.08652499318122864,0.20339328468807402,0.2183565733705734
putinmissing,9,0.10185270011425018,0.12290623784065247,-0.6903859114777011,-0.6390096504226938
sydneysiege,71,0.10971030592918396,0.19049577414989471,-0.22772624131248956,-0.07831621715324524
