event_name,num_threads,mae,rmse,pearson,spearman
prince-toronto,12,0.08800428360700607,0.09235484898090363,0.011998867909427372,-0.04397994971335425
putinmissing,9,0.0903177410364151,0.11013200879096985,0.14838907368725376,0.36667939881128453
sydneysiege,71,0.11033172905445099,0.18731054663658142,-0.10631567144505844,0.3044217376985402
