group_name,group_value,num_threads,mae,rmse,pearson,spearman,majority_sentiment_accuracy,majority_sentiment_macro_f1,majority_sentiment_weighted_f1,loss,gate_source_mean,gate_temporal_mean,gate_structure_mean
overall,all,92,0.10546157509088516,0.1713934689760208,-0.02700924838960847,0.34987095132891766,0.967391304347826,0.3278084714548803,0.9513571943310113,0.028553343378007412,,,
split,test,92,0.10546157509088516,0.1713934689760208,-0.02700924838960847,0.34987095132891766,0.967391304347826,0.3278084714548803,0.9513571943310113,,,,
observation_ratio,0.5,92,0.10546157509088516,0.1713934689760208,-0.02700924838960847,0.34987095132891766,0.967391304347826,0.3278084714548803,0.9513571943310113,,,,
event,prince-toronto,12,0.08800428360700607,0.09235484898090363,0.011998867909427372,-0.04397994971335425,1.0,1.0,1.0,,,,
event,putinmissing,9,0.0903177410364151,0.11013200879096985,0.14838907368725376,0.36667939881128453,1.0,1.0,1.0,,,,
event,sydneysiege,71,0.11033172905445099,0.18731054663658142,-0.10631567144505844,0.3044217376985402,0.9577464788732394,0.3261390887290168,0.9370756915594285,,,,
