event_name,num_threads,mae,rmse,pearson,spearman
prince-toronto,12,0.14207403361797333,0.16988936066627502,0.20813095743537985,0.30569920271880274
putinmissing,9,0.11236398667097092,0.14228691160678864,0.3202024544724325,0.5020790110464023
sydneysiege,71,0.1321747899055481,0.2282668948173523,-0.240317411942817,-0.0342013525860318
