group_name,group_value,num_threads,mae,rmse,pearson,spearman,majority_sentiment_accuracy,majority_sentiment_macro_f1,majority_sentiment_weighted_f1,loss,gate_source_mean,gate_temporal_mean,gate_structure_mean
overall,all,92,0.13152797520160675,0.21437649428844452,-0.23682333860760996,-0.041740989747980885,0.9456521739130435,0.3240223463687151,0.9192373087199417,0.0450703843186299,,,
split,test,92,0.13152797520160675,0.21437649428844452,-0.23682333860760996,-0.041740989747980885,0.9456521739130435,0.3240223463687151,0.9192373087199417,,,,
observation_ratio,0.3,92,0.13152797520160675,0.21437649428844452,-0.23682333860760996,-0.041740989747980885,0.9456521739130435,0.3240223463687151,0.9192373087199417,,,,
event,prince-toronto,12,0.14207403361797333,0.16988936066627502,0.20813095743537985,0.30569920271880274,0.8333333333333334,0.45454545454545453,0.7575757575757575,,,,
event,putinmissing,9,0.11236398667097092,0.14228691160678864,0.3202024544724325,0.5020790110464023,1.0,1.0,1.0,,,,
event,sydneysiege,71,0.1321747899055481,0.2282668948173523,-0.240317411942817,-0.0342013525860318,0.9577464788732394,0.3261390887290168,0.9370756915594285,,,,
