event_name,num_threads,mae,rmse,pearson,spearman
ebola-essien,2,0.10613307356834412,0.13693884015083313,1.0,0.9999999999999999
