group_name,group_value,num_threads,mae,rmse,pearson,spearman,majority_sentiment_accuracy,majority_sentiment_macro_f1,majority_sentiment_weighted_f1,loss,gate_source_mean,gate_temporal_mean,gate_structure_mean
overall,all,25,0.16604608297348022,0.2797043025493622,-0.4619664704101862,-0.21175661177109203,0.96,0.4897959183673469,0.9404081632653061,0.0782344862818718,,,
split,test,25,0.16604608297348022,0.2797043025493622,-0.4619664704101862,-0.21175661177109203,0.96,0.4897959183673469,0.9404081632653061,,,,
observation_ratio,0.5,25,0.16604608297348022,0.2797043025493622,-0.4619664704101862,-0.21175661177109203,0.96,0.4897959183673469,0.9404081632653061,,,,
event,germanwings-crash,25,0.16604608297348022,0.2797043025493622,-0.4619664704101862,-0.21175661177109203,0.96,0.4897959183673469,0.9404081632653061,,,,
