event_name,num_threads,mae,rmse,pearson,spearman
prince-toronto,12,0.1098865494132042,0.1447322517633438,-0.17011766518206778,-0.2183565733705734
putinmissing,9,0.1387646496295929,0.1734435260295868,-0.26645415422682595,-0.04564354645876384
sydneysiege,71,0.15128099918365479,0.2273121029138565,-0.024443931712673544,0.11677110827905894
