group_name,group_value,num_threads,mae,rmse,pearson,spearman,majority_sentiment_accuracy,majority_sentiment_macro_f1,majority_sentiment_weighted_f1,loss,gate_source_mean,gate_temporal_mean,gate_structure_mean
overall,all,92,0.14465728402137756,0.21342800557613373,-0.021721470682828002,0.09492007580787722,0.967391304347826,0.3278084714548803,0.9513571943310113,0.044740298142035805,,,
split,test,92,0.14465728402137756,0.21342800557613373,-0.021721470682828002,0.09492007580787722,0.967391304347826,0.3278084714548803,0.9513571943310113,,,,
observation_ratio,0.5,92,0.14465728402137756,0.21342800557613373,-0.021721470682828002,0.09492007580787722,0.967391304347826,0.3278084714548803,0.9513571943310113,,,,
event,prince-toronto,12,0.1098865494132042,0.1447322517633438,-0.17011766518206778,-0.2183565733705734,1.0,1.0,1.0,,,,
event,putinmissing,9,0.1387646496295929,0.1734435260295868,-0.26645415422682595,-0.04564354645876384,1.0,1.0,1.0,,,,
event,sydneysiege,71,0.15128099918365479,0.2273121029138565,-0.024443931712673544,0.11677110827905894,0.9577464788732394,0.3261390887290168,0.9370756915594285,,,,
