event_name,num_threads,mae,rmse,pearson,spearman
prince-toronto,12,0.09949683398008347,0.11124255508184433,0.14192055916154114,0.04367131467411468
putinmissing,9,0.07991620153188705,0.08433141559362411,nan,nan
sydneysiege,71,0.14108219742774963,0.21275800466537476,-0.21028236231137012,0.21362362456586068
