group_name,group_value,num_threads,mae,rmse,pearson,spearman,majority_sentiment_accuracy,majority_sentiment_macro_f1,majority_sentiment_weighted_f1,loss,gate_source_mean,gate_temporal_mean,gate_structure_mean
overall,all,92,0.12967438995838165,0.19298537075519562,-0.1098841102240539,0.26581410122479904,0.9347826086956522,0.32209737827715357,0.9032730825598437,0.036464293176929154,,,
split,test,92,0.12967438995838165,0.19298537075519562,-0.1098841102240539,0.26581410122479904,0.9347826086956522,0.32209737827715357,0.9032730825598437,,,,
observation_ratio,0.7,92,0.12967438995838165,0.19298537075519562,-0.1098841102240539,0.26581410122479904,0.9347826086956522,0.32209737827715357,0.9032730825598437,,,,
event,prince-toronto,12,0.09949683398008347,0.11124255508184433,0.14192055916154114,0.04367131467411468,0.9166666666666666,0.4782608695652174,0.8768115942028986,,,,
event,putinmissing,9,0.07991620153188705,0.08433141559362411,nan,nan,1.0,1.0,1.0,,,,
event,sydneysiege,71,0.14108219742774963,0.21275800466537476,-0.21028236231137012,0.21362362456586068,0.9295774647887324,0.32116788321167883,0.8956512799424283,,,,
