event_name,num_threads,mae,rmse,pearson,spearman
putinmissing,9,0.0964931920170784,0.12905851006507874,0.2884584550385917,0.296683051981965
