group_name,group_value,num_threads,mae,rmse,pearson,spearman,majority_sentiment_accuracy,majority_sentiment_macro_f1,majority_sentiment_weighted_f1,loss,gate_source_mean,gate_temporal_mean,gate_structure_mean
overall,all,9,0.0964931920170784,0.12905851006507874,0.2884584550385917,0.296683051981965,1.0,1.0,1.0,0.016656100749969482,,,
split,test,9,0.0964931920170784,0.12905851006507874,0.2884584550385917,0.296683051981965,1.0,1.0,1.0,,,,
observation_ratio,0.5,9,0.0964931920170784,0.12905851006507874,0.2884584550385917,0.296683051981965,1.0,1.0,1.0,,,,
event,putinmissing,9,0.0964931920170784,0.12905851006507874,0.2884584550385917,0.296683051981965,1.0,1.0,1.0,,,,
