event_name,num_threads,mae,rmse,pearson,spearman
charliehebdo,74,0.20317232608795166,0.2551981210708618,0.04371378921291583,-0.007398220332066588
