group_name,group_value,num_threads,mae,rmse,pearson,spearman,majority_sentiment_accuracy,majority_sentiment_macro_f1,majority_sentiment_weighted_f1,loss,gate_source_mean,gate_temporal_mean,gate_structure_mean
overall,all,74,0.20317232608795166,0.2551981210708618,0.04371378921291583,-0.007398220332066588,0.8513513513513513,0.30656934306569344,0.7829946735056224,0.06399513532718022,,,
split,test,74,0.20317232608795166,0.2551981210708618,0.04371378921291583,-0.007398220332066588,0.8513513513513513,0.30656934306569344,0.7829946735056224,,,,
observation_ratio,0.5,74,0.20317232608795166,0.2551981210708618,0.04371378921291583,-0.007398220332066588,0.8513513513513513,0.30656934306569344,0.7829946735056224,,,,
event,charliehebdo,74,0.20317232608795166,0.2551981210708618,0.04371378921291583,-0.007398220332066588,0.8513513513513513,0.30656934306569344,0.7829946735056224,,,,
