event_name,num_threads,mae,rmse,pearson,spearman
prince-toronto,12,0.042779017239809036,0.056981515139341354,0.16353519171193917,0.04367131467411468
putinmissing,9,0.049034520983695984,0.08514381945133209,0.08324696328435964,0.27386127875258304
sydneysiege,71,0.09211578220129013,0.19042706489562988,-0.16093306561400092,0.08279229863813793
