group_name,group_value,num_threads,mae,rmse,pearson,spearman,majority_sentiment_accuracy,majority_sentiment_macro_f1,majority_sentiment_weighted_f1,loss,gate_source_mean,gate_temporal_mean,gate_structure_mean
overall,all,92,0.08146608620882034,0.17063957452774048,-0.0393606695984401,0.25129052903624755,0.9456521739130435,0.3240223463687151,0.9192373087199417,0.028185512870550156,,,
split,test,92,0.08146608620882034,0.17063957452774048,-0.0393606695984401,0.25129052903624755,0.9456521739130435,0.3240223463687151,0.9192373087199417,,,,
observation_ratio,0.3,92,0.08146608620882034,0.17063957452774048,-0.0393606695984401,0.25129052903624755,0.9456521739130435,0.3240223463687151,0.9192373087199417,,,,
event,prince-toronto,12,0.042779017239809036,0.056981515139341354,0.16353519171193917,0.04367131467411468,0.8333333333333334,0.45454545454545453,0.7575757575757575,,,,
event,putinmissing,9,0.049034520983695984,0.08514381945133209,0.08324696328435964,0.27386127875258304,1.0,1.0,1.0,,,,
event,sydneysiege,71,0.09211578220129013,0.19042706489562988,-0.16093306561400092,0.08279229863813793,0.9577464788732394,0.3261390887290168,0.9370756915594285,,,,
