run_id,capacity_group,model_name,param_count,mae,rmse,pearson,spearman
20260319_211003_capacity_matched_main_default,default,affect_state_forecaster,5367336,0.11735663563013077,0.17294028401374817,-0.0472689720871827,0.19641030880448201
20260319_211003_capacity_matched_main_default,default,structure_baseline,2595076,0.13394805788993835,0.19480757415294647,-0.24220471961087003,0.07177318056303753
20260319_211003_capacity_matched_main_default,default,temporal_baseline,2709380,0.17618349194526672,0.23209479451179504,-0.14436275591914685,-0.02886239783991164
20260319_211003_capacity_matched_main_default,default,text_baseline,2577284,0.15234895050525665,0.22426491975784302,-0.19935484230413142,-0.11695413955056115
20260319_211003_capacity_matched_main_matched,matched,affect_state_forecaster,2621680,0.1463845670223236,0.18740157783031464,-0.20935161964771512,-0.08935591829709844
20260319_211003_capacity_matched_main_matched,matched,structure_baseline,2595076,0.13394805788993835,0.19480757415294647,-0.24220471961087003,0.07177318056303753
20260319_211003_capacity_matched_main_matched,matched,temporal_baseline,2709380,0.17618349194526672,0.23209479451179504,-0.14436275591914685,-0.02886239783991164
20260319_211003_capacity_matched_main_matched,matched,text_baseline,2577284,0.15234895050525665,0.22426491975784302,-0.19935484230413142,-0.11695413955056115
