capacity_group,model_name,fusion_variant,seeds,param_count,param_count_std,mae,mae_std,rmse,rmse_std,pearson,pearson_std,spearman,spearman_std,gate_source_mean,gate_source_mean_std,gate_temporal_mean,gate_temporal_mean_std,gate_structure_mean,gate_structure_mean_std
default,affect_state_forecaster,full,"13,42,77",5417259.0,0.0,0.09918260077635448,0.005516519233049631,0.17479058603445688,0.0023895545007399377,-0.0441580521128569,0.16424640502829688,0.027402362909083284,0.10351094702799477,1.0,0.0,1.0,0.0,1.0,0.0
default,affect_state_forecaster,source_gate_only,"13,42,77",5417259.0,0.0,0.10828573008378346,0.010303327328363799,0.1736782838900884,0.0007519327398011673,-0.19225609129029783,0.05477251204205891,0.105671511894038,0.10098772313737896,0.5043446726125219,0.003758571691720146,1.0,0.0,1.0,0.0
default,structure_baseline,full,"13,42,77",2595076.0,0.0,0.12197935332854588,0.00914102602577507,0.18872584899266562,0.004790010274841258,-0.17221654454879318,0.04968203767651119,0.028316368516187223,0.08089077107441396,0.0,0.0,0.0,0.0,0.0,0.0
matched,affect_state_forecaster,full,"13,42,77",2634355.0,0.0,0.12654575457175574,0.00496349075680065,0.17751993238925934,0.003178657505192935,-0.14383541315031959,0.10903258412268063,0.1467453807509388,0.1492502402142681,1.0,0.0,1.0,0.0,1.0,0.0
matched,affect_state_forecaster,source_gate_only,"13,42,77",2634355.0,0.0,0.12451562285423279,0.004478468405320687,0.17584211130936941,0.002257122397237312,-0.0843114981465813,0.09875526909790094,0.12829611822053263,0.155101635693944,0.49191945650871255,0.019950755986299702,1.0,0.0,1.0,0.0
matched,structure_baseline,full,"13,42,77",2595076.0,0.0,0.12197935332854588,0.00914102602577507,0.18872584899266562,0.004790010274841258,-0.17221654454879318,0.04968203767651119,0.028316368516187223,0.08089077107441396,0.0,0.0,0.0,0.0,0.0,0.0
