model_name,fusion_variant,param_count,mae,rmse,pearson,spearman,gate_source_mean,gate_temporal_mean,gate_structure_mean
structure_baseline,baseline,2595076,0.13394805788993835,0.19480757415294647,-0.24220471961087003,0.07177318056303753,,,
affect_state_forecaster,full,5417259,0.10519883036613464,0.1745268702507019,-0.20580414210080983,-0.07548558645422913,1.0,1.0,1.0
affect_state_forecaster,scalar_gate,5417259,0.10786888748407364,0.1738567054271698,-0.36945327212955137,-0.15949991354097998,0.49252537281616876,0.5210740073867466,0.6131650585195293
affect_state_forecaster,vector_gate,5417259,0.09491880983114243,0.17650443315505981,-0.2357094750787128,0.05721734451484027,0.5016453415155411,0.5000251457095146,0.4870551118384237
affect_state_forecaster,softmax_router,5417259,0.110037662088871,0.17293395102024078,-0.40311248268603855,-0.1836617111157857,0.26180343443284865,0.29036915407556557,0.44782740557971207
affect_state_forecaster,structure_gate_only,5417259,0.10831767320632935,0.1771118938922882,-0.26867785984512627,-0.10703658520334906,1.0,1.0,0.5891482000765593
affect_state_forecaster,source_gate_only,5417259,0.10437949746847153,0.17360319197177887,-0.23546322669038938,-0.03642074940255353,0.49931245621131815,1.0,1.0
affect_state_forecaster,reply_gate_only,5417259,0.10711739212274551,0.17501288652420044,-0.2626307607841688,-0.10771318675665977,1.0,0.5225013734205909,1.0
