run_id,capacity_group,model_name,param_count,mae,rmse,pearson,spearman
import_first_round_ratio_05,default,text_baseline,2577284,0.1778370887041092,0.23616482317447662,0.06463792218333347,0.13863209721255523
import_first_round_ratio_05,default,temporal_baseline,2709380,0.1690751612186432,0.23412001132965088,-0.11197426572541778,-0.08715696324883868
import_first_round_ratio_05,default,structure_baseline,2595076,0.11702784150838852,0.18761485815048218,-0.24840297070910894,0.06612889918410354
import_first_round_ratio_05,default,affect_state_forecaster,5367336,0.12956660985946655,0.1775040626525879,0.012592171937575194,0.2499063447761134
