event_name,num_threads,mae,rmse,pearson,spearman
prince-toronto,12,0.0713312104344368,0.07953939586877823,0.1490462191612259,0.13101394402234404
putinmissing,9,0.08858808130025864,0.11168816685676575,-0.30720755269233924,-0.25103950552320115
sydneysiege,71,0.10690861940383911,0.18890689313411713,-0.1954621740617871,0.10089319846868929
