group_name,group_value,num_threads,mae,rmse,pearson,spearman,majority_sentiment_accuracy,majority_sentiment_macro_f1,majority_sentiment_weighted_f1,loss,gate_source_mean,gate_temporal_mean,gate_structure_mean
overall,all,92,0.10047584772109985,0.17200477421283722,-0.10779340438530446,0.1690257511994332,0.967391304347826,0.3278084714548803,0.9513571943310113,0.028781923465430737,1.0,1.0,1.0
split,test,92,0.10047584772109985,0.17200477421283722,-0.10779340438530446,0.1690257511994332,0.967391304347826,0.3278084714548803,0.9513571943310113,,1.0,1.0,1.0
observation_ratio,0.5,92,0.10047584772109985,0.17200477421283722,-0.10779340438530446,0.1690257511994332,0.967391304347826,0.3278084714548803,0.9513571943310113,,1.0,1.0,1.0
event,prince-toronto,12,0.0713312104344368,0.07953939586877823,0.1490462191612259,0.13101394402234404,1.0,1.0,1.0,,1.0,1.0,1.0
event,putinmissing,9,0.08858808130025864,0.11168816685676575,-0.30720755269233924,-0.25103950552320115,1.0,1.0,1.0,,1.0,1.0,1.0
event,sydneysiege,71,0.10690861940383911,0.18890689313411713,-0.1954621740617871,0.10089319846868929,0.9577464788732394,0.3261390887290168,0.9370756915594285,,1.0,1.0,1.0
