event_name,num_threads,mae,rmse,pearson,spearman
ferguson,46,0.11619963496923447,0.13751043379306793,-0.0014188351253872436,0.02643488823373347
