group_name,group_value,num_threads,mae,rmse,pearson,spearman,majority_sentiment_accuracy,majority_sentiment_macro_f1,majority_sentiment_weighted_f1,loss,gate_source_mean,gate_temporal_mean,gate_structure_mean
overall,all,46,0.11619963496923447,0.13751043379306793,-0.0014188351253872436,0.02643488823373347,0.9565217391304348,0.4888888888888889,0.9352657004830917,0.018017370253801346,,,
split,test,46,0.11619963496923447,0.13751043379306793,-0.0014188351253872436,0.02643488823373347,0.9565217391304348,0.4888888888888889,0.9352657004830917,,,,
observation_ratio,0.5,46,0.11619963496923447,0.13751043379306793,-0.0014188351253872436,0.02643488823373347,0.9565217391304348,0.4888888888888889,0.9352657004830917,,,,
event,ferguson,46,0.11619963496923447,0.13751043379306793,-0.0014188351253872436,0.02643488823373347,0.9565217391304348,0.4888888888888889,0.9352657004830917,,,,
