event_name,num_threads,mae,rmse,pearson,spearman
putinmissing,9,0.1010117381811142,0.12950889766216278,-0.09215752898498142,-0.13693063937629152
