group_name,group_value,num_threads,mae,rmse,pearson,spearman,majority_sentiment_accuracy,majority_sentiment_macro_f1,majority_sentiment_weighted_f1,loss,gate_source_mean,gate_temporal_mean,gate_structure_mean
overall,all,9,0.1010117381811142,0.12950889766216278,-0.09215752898498142,-0.13693063937629152,1.0,1.0,1.0,0.01677255518734455,,,
split,test,9,0.1010117381811142,0.12950889766216278,-0.09215752898498142,-0.13693063937629152,1.0,1.0,1.0,,,,
observation_ratio,0.5,9,0.1010117381811142,0.12950889766216278,-0.09215752898498142,-0.13693063937629152,1.0,1.0,1.0,,,,
event,putinmissing,9,0.1010117381811142,0.12950889766216278,-0.09215752898498142,-0.13693063937629152,1.0,1.0,1.0,,,,
