event_name,num_threads,mae,rmse,pearson,spearman
sydneysiege,71,0.1368207037448883,0.220431849360466,-0.18454281475786266,-0.040916152203644904
