group_name,group_value,num_threads,mae,rmse,pearson,spearman,majority_sentiment_accuracy,majority_sentiment_macro_f1,majority_sentiment_weighted_f1,loss,gate_source_mean,gate_temporal_mean,gate_structure_mean
overall,all,71,0.1368207037448883,0.220431849360466,-0.18454281475786266,-0.040916152203644904,0.9577464788732394,0.3261390887290168,0.9370756915594285,0.03950905830909809,,,
split,test,71,0.1368207037448883,0.220431849360466,-0.18454281475786266,-0.040916152203644904,0.9577464788732394,0.3261390887290168,0.9370756915594285,,,,
observation_ratio,0.5,71,0.1368207037448883,0.220431849360466,-0.18454281475786266,-0.040916152203644904,0.9577464788732394,0.3261390887290168,0.9370756915594285,,,,
event,sydneysiege,71,0.1368207037448883,0.220431849360466,-0.18454281475786266,-0.040916152203644904,0.9577464788732394,0.3261390887290168,0.9370756915594285,,,,
