event_name,num_threads,mae,rmse,pearson,spearman
prince-toronto,12,0.11443518847227097,0.11960269510746002,0.10746768125122855,0.13101394402234404
putinmissing,9,0.10140550136566162,0.10186687856912613,nan,nan
sydneysiege,71,0.14486519992351532,0.2059091478586197,-0.15715491912239907,0.15147038150731304
