group_name,group_value,num_threads,mae,rmse,pearson,spearman,majority_sentiment_accuracy,majority_sentiment_macro_f1,majority_sentiment_weighted_f1,loss,gate_source_mean,gate_temporal_mean,gate_structure_mean
overall,all,92,0.13664458692073822,0.1886838972568512,-0.053341397273228425,0.24113632303742039,0.9347826086956522,0.32209737827715357,0.9032730825598437,0.03493542534609636,,,
split,test,92,0.13664458692073822,0.1886838972568512,-0.053341397273228425,0.24113632303742039,0.9347826086956522,0.32209737827715357,0.9032730825598437,,,,
observation_ratio,0.7,92,0.13664458692073822,0.1886838972568512,-0.053341397273228425,0.24113632303742039,0.9347826086956522,0.32209737827715357,0.9032730825598437,,,,
event,prince-toronto,12,0.11443518847227097,0.11960269510746002,0.10746768125122855,0.13101394402234404,0.9166666666666666,0.4782608695652174,0.8768115942028986,,,,
event,putinmissing,9,0.10140550136566162,0.10186687856912613,nan,nan,1.0,1.0,1.0,,,,
event,sydneysiege,71,0.14486519992351532,0.2059091478586197,-0.15715491912239907,0.15147038150731304,0.9295774647887324,0.32116788321167883,0.8956512799424283,,,,
