event_name,num_threads,mae,rmse,pearson,spearman
prince-toronto,12,0.12590469419956207,0.13995391130447388,0.018738711099777552,-0.13101394402234404
putinmissing,9,0.09143022447824478,0.11874773353338242,-0.09595850623817025,0.06846531968814576
sydneysiege,71,0.12613555788993835,0.19569514691829681,-0.2575079757862899,-0.043359946494994576
