group_name,group_value,num_threads,mae,rmse,pearson,spearman,majority_sentiment_accuracy,majority_sentiment_macro_f1,majority_sentiment_weighted_f1,loss,gate_source_mean,gate_temporal_mean,gate_structure_mean
overall,all,92,0.12271036207675934,0.18300072848796844,-0.10856727441298147,0.024898860577698575,0.9456521739130435,0.3240223463687151,0.9192373087199417,0.03262112600107988,,,
split,test,92,0.12271036207675934,0.18300072848796844,-0.10856727441298147,0.024898860577698575,0.9456521739130435,0.3240223463687151,0.9192373087199417,,,,
observation_ratio,0.3,92,0.12271036207675934,0.18300072848796844,-0.10856727441298147,0.024898860577698575,0.9456521739130435,0.3240223463687151,0.9192373087199417,,,,
event,prince-toronto,12,0.12590469419956207,0.13995391130447388,0.018738711099777552,-0.13101394402234404,0.8333333333333334,0.45454545454545453,0.7575757575757575,,,,
event,putinmissing,9,0.09143022447824478,0.11874773353338242,-0.09595850623817025,0.06846531968814576,1.0,1.0,1.0,,,,
event,sydneysiege,71,0.12613555788993835,0.19569514691829681,-0.2575079757862899,-0.043359946494994576,0.9577464788732394,0.3261390887290168,0.9370756915594285,,,,
