event_name,num_threads,mae,rmse,pearson,spearman
ottawashooting,58,0.10495883226394653,0.16217723488807678,0.1322117731363468,0.3147415005968687
