group_name,group_value,num_threads,mae,rmse,pearson,spearman,majority_sentiment_accuracy,majority_sentiment_macro_f1,majority_sentiment_weighted_f1,loss,gate_source_mean,gate_temporal_mean,gate_structure_mean
overall,all,58,0.10495883226394653,0.16217723488807678,0.1322117731363468,0.3147415005968687,0.896551724137931,0.3151515151515151,0.8476489028213167,0.02580560650676489,,,
split,test,58,0.10495883226394653,0.16217723488807678,0.1322117731363468,0.3147415005968687,0.896551724137931,0.3151515151515151,0.8476489028213167,,,,
observation_ratio,0.5,58,0.10495883226394653,0.16217723488807678,0.1322117731363468,0.3147415005968687,0.896551724137931,0.3151515151515151,0.8476489028213167,,,,
event,ottawashooting,58,0.10495883226394653,0.16217723488807678,0.1322117731363468,0.3147415005968687,0.896551724137931,0.3151515151515151,0.8476489028213167,,,,
