event_name,num_threads,mae,rmse,pearson,spearman
prince-toronto,12,0.06104530394077301,0.06284405291080475,0.01200557580831809,0.04536870109944867
putinmissing,9,0.06995557993650436,0.08299577981233597,-0.08790860802604762,-0.011972828565264392
sydneysiege,71,0.09534725546836853,0.18313398957252502,-0.12760788827295408,0.1709701812149267
