group_name,group_value,num_threads,mae,rmse,pearson,spearman,majority_sentiment_accuracy,majority_sentiment_macro_f1,majority_sentiment_weighted_f1,loss,gate_source_mean,gate_temporal_mean,gate_structure_mean
overall,all,92,0.08838911354541779,0.1645345687866211,-0.02009435294814977,0.2961390935637022,0.9456521739130435,0.3240223463687151,0.9192373087199417,0.026319578600426514,,,
split,test,92,0.08838911354541779,0.1645345687866211,-0.02009435294814977,0.2961390935637022,0.9456521739130435,0.3240223463687151,0.9192373087199417,,,,
observation_ratio,0.3,92,0.08838911354541779,0.1645345687866211,-0.02009435294814977,0.2961390935637022,0.9456521739130435,0.3240223463687151,0.9192373087199417,,,,
event,prince-toronto,12,0.06104530394077301,0.06284405291080475,0.01200557580831809,0.04536870109944867,0.8333333333333334,0.45454545454545453,0.7575757575757575,,,,
event,putinmissing,9,0.06995557993650436,0.08299577981233597,-0.08790860802604762,-0.011972828565264392,1.0,1.0,1.0,,,,
event,sydneysiege,71,0.09534725546836853,0.18313398957252502,-0.12760788827295408,0.1709701812149267,0.9577464788732394,0.3261390887290168,0.9370756915594285,,,,
