group_name,group_value,num_threads,mae,rmse,pearson,spearman,majority_sentiment_accuracy,majority_sentiment_macro_f1,majority_sentiment_weighted_f1,loss,gate_source_mean,gate_temporal_mean,gate_structure_mean
overall,all,2,0.31166332960128784,0.341633141040802,-1.0,-0.9999999999999999,1.0,1.0,1.0,0.11671321094036102,,,
split,test,2,0.31166332960128784,0.341633141040802,-1.0,-0.9999999999999999,1.0,1.0,1.0,,,,
observation_ratio,0.5,2,0.31166332960128784,0.341633141040802,-1.0,-0.9999999999999999,1.0,1.0,1.0,,,,
event,ebola-essien,2,0.31166332960128784,0.341633141040802,-1.0,-0.9999999999999999,1.0,1.0,1.0,,,,
