event_name,num_threads,mae,rmse,pearson,spearman
prince-toronto,12,0.11167171597480774,0.11378725618124008,0.193302412079985,0.04367131467411468
putinmissing,9,0.09872838854789734,0.11248146742582321,0.35595381519677993,0.5020790110464023
sydneysiege,71,0.12197908014059067,0.19224201142787933,-0.21589603197879362,0.32575623122603403
