event_name,num_threads,mae,rmse,pearson,spearman
prince-toronto,12,0.13742603361606598,0.16221493482589722,-0.037752977471416656,-0.13101394402234404
putinmissing,9,0.12789727747440338,0.15040212869644165,0.08831411171226061,0.18257418583505536
sydneysiege,71,0.1579706370830536,0.24053244292736053,-0.2176039995068561,-0.13405545299104643
