event_name,num_threads,mae,rmse,pearson,spearman
prince-toronto,12,0.1315266638994217,0.15865999460220337,0.24491562054826252,0.30569920271880274
