group_name,group_value,num_threads,mae,rmse,pearson,spearman,majority_sentiment_accuracy,majority_sentiment_macro_f1,majority_sentiment_weighted_f1,loss,gate_source_mean,gate_temporal_mean,gate_structure_mean
overall,all,12,0.1315266638994217,0.15865999460220337,0.24491562054826252,0.30569920271880274,1.0,1.0,1.0,0.025172993540763855,,,
split,test,12,0.1315266638994217,0.15865999460220337,0.24491562054826252,0.30569920271880274,1.0,1.0,1.0,,,,
observation_ratio,0.5,12,0.1315266638994217,0.15865999460220337,0.24491562054826252,0.30569920271880274,1.0,1.0,1.0,,,,
event,prince-toronto,12,0.1315266638994217,0.15865999460220337,0.24491562054826252,0.30569920271880274,1.0,1.0,1.0,,,,
