event_name,num_threads,mae,rmse,pearson,spearman
charliehebdo,74,0.15103869140148163,0.2162090688943863,-0.016577722629256525,0.035532725578447125
