event_name,num_threads,mae,rmse,pearson,spearman
prince-toronto,12,0.1138400137424469,0.11759580671787262,0.15688751833283912,0.04397994971335425
putinmissing,9,0.10149356722831726,0.11974488943815231,0.1414111160494501,0.36667939881128453
sydneysiege,71,0.12759503722190857,0.19673234224319458,-0.19764208985817325,0.2581973395177666
