group_name,group_value,num_threads,mae,rmse,pearson,spearman,majority_sentiment_accuracy,majority_sentiment_macro_f1,majority_sentiment_weighted_f1,loss,gate_source_mean,gate_temporal_mean,gate_structure_mean
overall,all,92,0.12324751168489456,0.1818668693304062,-0.10949431962115291,0.3149203929857269,0.967391304347826,0.3278084714548803,0.9513571943310113,0.0321521187822024,,,
split,test,92,0.12324751168489456,0.1818668693304062,-0.10949431962115291,0.3149203929857269,0.967391304347826,0.3278084714548803,0.9513571943310113,,,,
observation_ratio,0.5,92,0.12324751168489456,0.1818668693304062,-0.10949431962115291,0.3149203929857269,0.967391304347826,0.3278084714548803,0.9513571943310113,,,,
event,prince-toronto,12,0.1138400137424469,0.11759580671787262,0.15688751833283912,0.04397994971335425,1.0,1.0,1.0,,,,
event,putinmissing,9,0.10149356722831726,0.11974488943815231,0.1414111160494501,0.36667939881128453,1.0,1.0,1.0,,,,
event,sydneysiege,71,0.12759503722190857,0.19673234224319458,-0.19764208985817325,0.2581973395177666,0.9577464788732394,0.3261390887290168,0.9370756915594285,,,,
