event_name,num_threads,mae,rmse,pearson,spearman
prince-toronto,12,0.11459391564130783,0.13510441780090332,0.29367616154618537,0.30569920271880274
putinmissing,9,0.12424325942993164,0.14553207159042358,nan,nan
sydneysiege,71,0.1603388786315918,0.24530555307865143,-0.03336308010205747,0.07327139042367993
