group_name,group_value,num_threads,mae,rmse,pearson,spearman,majority_sentiment_accuracy,majority_sentiment_macro_f1,majority_sentiment_weighted_f1,loss,gate_source_mean,gate_temporal_mean,gate_structure_mean
overall,all,92,0.15084104239940643,0.22559261322021484,0.005805298499989083,0.11038693521882618,0.9347826086956522,0.32209737827715357,0.9032730825598437,0.05043946827451388,,,
split,test,92,0.15084104239940643,0.22559261322021484,0.005805298499989083,0.11038693521882618,0.9347826086956522,0.32209737827715357,0.9032730825598437,,,,
observation_ratio,0.7,92,0.15084104239940643,0.22559261322021484,0.005805298499989083,0.11038693521882618,0.9347826086956522,0.32209737827715357,0.9032730825598437,,,,
event,prince-toronto,12,0.11459391564130783,0.13510441780090332,0.29367616154618537,0.30569920271880274,0.9166666666666666,0.4782608695652174,0.8768115942028986,,,,
event,putinmissing,9,0.12424325942993164,0.14553207159042358,nan,nan,1.0,1.0,1.0,,,,
event,sydneysiege,71,0.1603388786315918,0.24530555307865143,-0.03336308010205747,0.07327139042367993,0.9295774647887324,0.32116788321167883,0.8956512799424283,,,,
