event_name,num_threads,mae,rmse,pearson,spearman
charliehebdo,74,0.14247453212738037,0.19022923707962036,0.23240080330756419,0.26586245227734456
