group_name,group_value,num_threads,mae,rmse,pearson,spearman,majority_sentiment_accuracy,majority_sentiment_macro_f1,majority_sentiment_weighted_f1,loss,gate_source_mean,gate_temporal_mean,gate_structure_mean
overall,all,74,0.14247453212738037,0.19022923707962036,0.23240080330756419,0.26586245227734456,0.8513513513513513,0.30656934306569344,0.7829946735056224,0.032440951094031334,,,
split,test,74,0.14247453212738037,0.19022923707962036,0.23240080330756419,0.26586245227734456,0.8513513513513513,0.30656934306569344,0.7829946735056224,,,,
observation_ratio,0.5,74,0.14247453212738037,0.19022923707962036,0.23240080330756419,0.26586245227734456,0.8513513513513513,0.30656934306569344,0.7829946735056224,,,,
event,charliehebdo,74,0.14247453212738037,0.19022923707962036,0.23240080330756419,0.26586245227734456,0.8513513513513513,0.30656934306569344,0.7829946735056224,,,,
