event_name,num_threads,mae,rmse,pearson,spearman
prince-toronto,12,0.1526588350534439,0.17164765298366547,0.023174867332687372,-0.13101394402234404
putinmissing,9,0.14047019183635712,0.20942723751068115,-0.6753016624666427,-0.18257418583505536
sydneysiege,71,0.15133272111415863,0.22677376866340637,-0.09012098600574728,0.03695592761224735
