group_name,group_value,num_threads,mae,rmse,pearson,spearman,majority_sentiment_accuracy,majority_sentiment_macro_f1,majority_sentiment_weighted_f1,loss,gate_source_mean,gate_temporal_mean,gate_structure_mean
overall,all,92,0.15044304728507996,0.21868090331554413,-0.09612736913371524,0.03339384771668988,0.967391304347826,0.3278084714548803,0.9513571943310113,0.04691133772333463,,,
split,test,92,0.15044304728507996,0.21868090331554413,-0.09612736913371524,0.03339384771668988,0.967391304347826,0.3278084714548803,0.9513571943310113,,,,
observation_ratio,0.5,92,0.15044304728507996,0.21868090331554413,-0.09612736913371524,0.03339384771668988,0.967391304347826,0.3278084714548803,0.9513571943310113,,,,
event,prince-toronto,12,0.1526588350534439,0.17164765298366547,0.023174867332687372,-0.13101394402234404,1.0,1.0,1.0,,,,
event,putinmissing,9,0.14047019183635712,0.20942723751068115,-0.6753016624666427,-0.18257418583505536,1.0,1.0,1.0,,,,
event,sydneysiege,71,0.15133272111415863,0.22677376866340637,-0.09012098600574728,0.03695592761224735,0.9577464788732394,0.3261390887290168,0.9370756915594285,,,,
