event_name,num_threads,mae,rmse,pearson,spearman
prince-toronto,12,0.13563211262226105,0.1359708607196808,0.01438208173837893,-0.13101394402234404
