group_name,group_value,num_threads,mae,rmse,pearson,spearman,majority_sentiment_accuracy,majority_sentiment_macro_f1,majority_sentiment_weighted_f1,loss,gate_source_mean,gate_temporal_mean,gate_structure_mean
overall,all,12,0.13563211262226105,0.1359708607196808,0.01438208173837893,-0.13101394402234404,1.0,1.0,1.0,0.018488075584173203,1.0,1.0,1.0
split,test,12,0.13563211262226105,0.1359708607196808,0.01438208173837893,-0.13101394402234404,1.0,1.0,1.0,,1.0,1.0,1.0
observation_ratio,0.5,12,0.13563211262226105,0.1359708607196808,0.01438208173837893,-0.13101394402234404,1.0,1.0,1.0,,1.0,1.0,1.0
event,prince-toronto,12,0.13563211262226105,0.1359708607196808,0.01438208173837893,-0.13101394402234404,1.0,1.0,1.0,,1.0,1.0,1.0
