event_name,num_threads,mae,rmse,pearson,spearman
prince-toronto,12,0.11362672597169876,0.11585967987775803,-0.26823164957805823,-0.39581954742018827
putinmissing,9,0.125332310795784,0.13774840533733368,-0.6479595587520686,-0.36667939881128453
sydneysiege,71,0.1359635442495346,0.19440393149852753,-0.11609646398369385,0.14013622637576675
