group_name,group_value,num_threads,mae,rmse,pearson,spearman,majority_sentiment_accuracy,majority_sentiment_macro_f1,majority_sentiment_weighted_f1,loss,gate_source_mean,gate_temporal_mean,gate_structure_mean
overall,all,92,0.13201002776622772,0.181034117937088,-0.06584551203541304,0.1626697841725481,0.967391304347826,0.3278084714548803,0.9513571943310113,0.03194490633904934,,,
split,test,92,0.13201002776622772,0.181034117937088,-0.06584551203541304,0.1626697841725481,0.967391304347826,0.3278084714548803,0.9513571943310113,,,,
observation_ratio,0.5,92,0.13201002776622772,0.181034117937088,-0.06584551203541304,0.1626697841725481,0.967391304347826,0.3278084714548803,0.9513571943310113,,,,
event,prince-toronto,12,0.11362672597169876,0.11585967987775803,-0.26823164957805823,-0.39581954742018827,1.0,1.0,1.0,,,,
event,putinmissing,9,0.125332310795784,0.13774840533733368,-0.6479595587520686,-0.36667939881128453,1.0,1.0,1.0,,,,
event,sydneysiege,71,0.1359635442495346,0.19440393149852753,-0.11609646398369385,0.14013622637576675,0.9577464788732394,0.3261390887290168,0.9370756915594285,,,,
