event_name,num_threads,mae,rmse,pearson,spearman
ottawashooting,58,0.13225902616977692,0.17402569949626923,-0.012561315472489346,0.22853886990971087
