group_name,group_value,num_threads,mae,rmse,pearson,spearman,majority_sentiment_accuracy,majority_sentiment_macro_f1,majority_sentiment_weighted_f1,loss,gate_source_mean,gate_temporal_mean,gate_structure_mean
overall,all,58,0.13225902616977692,0.17402569949626923,-0.012561315472489346,0.22853886990971087,0.896551724137931,0.3151515151515151,0.8476489028213167,0.030023635365068913,,,
split,test,58,0.13225902616977692,0.17402569949626923,-0.012561315472489346,0.22853886990971087,0.896551724137931,0.3151515151515151,0.8476489028213167,,,,
observation_ratio,0.5,58,0.13225902616977692,0.17402569949626923,-0.012561315472489346,0.22853886990971087,0.896551724137931,0.3151515151515151,0.8476489028213167,,,,
event,ottawashooting,58,0.13225902616977692,0.17402569949626923,-0.012561315472489346,0.22853886990971087,0.896551724137931,0.3151515151515151,0.8476489028213167,,,,
