event_name,num_threads,mae,rmse,pearson,spearman
germanwings-crash,25,0.11933886259794235,0.21641682088375092,0.18204722929834202,0.5712503945452716
