group_name,group_value,num_threads,mae,rmse,pearson,spearman,majority_sentiment_accuracy,majority_sentiment_macro_f1,majority_sentiment_weighted_f1,loss,gate_source_mean,gate_temporal_mean,gate_structure_mean
overall,all,25,0.11933886259794235,0.21641682088375092,0.18204722929834202,0.5712503945452716,0.96,0.4897959183673469,0.9404081632653061,0.046836238354444504,1.0,1.0,1.0
split,test,25,0.11933886259794235,0.21641682088375092,0.18204722929834202,0.5712503945452716,0.96,0.4897959183673469,0.9404081632653061,,1.0,1.0,1.0
observation_ratio,0.5,25,0.11933886259794235,0.21641682088375092,0.18204722929834202,0.5712503945452716,0.96,0.4897959183673469,0.9404081632653061,,1.0,1.0,1.0
event,germanwings-crash,25,0.11933886259794235,0.21641682088375092,0.18204722929834202,0.5712503945452716,0.96,0.4897959183673469,0.9404081632653061,,1.0,1.0,1.0
