event_name,num_threads,mae,rmse,pearson,spearman
putinmissing,9,0.06807126849889755,0.1095673218369484,0.09999925321995233,0.2520920866827581
