group_name,group_value,num_threads,mae,rmse,pearson,spearman,majority_sentiment_accuracy,majority_sentiment_macro_f1,majority_sentiment_weighted_f1,loss,gate_source_mean,gate_temporal_mean,gate_structure_mean
overall,all,9,0.06807126849889755,0.1095673218369484,0.09999925321995233,0.2520920866827581,1.0,1.0,1.0,0.012004999443888664,,,
split,test,9,0.06807126849889755,0.1095673218369484,0.09999925321995233,0.2520920866827581,1.0,1.0,1.0,,,,
observation_ratio,0.5,9,0.06807126849889755,0.1095673218369484,0.09999925321995233,0.2520920866827581,1.0,1.0,1.0,,,,
event,putinmissing,9,0.06807126849889755,0.1095673218369484,0.09999925321995233,0.2520920866827581,1.0,1.0,1.0,,,,
