event_name,num_threads,mae,rmse,pearson,spearman
ferguson,46,0.10761513561010361,0.12585605680942535,0.30333235529087227,0.3618000617643046
