event_name,num_threads,mae,rmse,pearson,spearman
putinmissing,9,0.11714617162942886,0.12756317853927612,-0.2778510780670371,-0.3423265984407288
