group_name,group_value,num_threads,mae,rmse,pearson,spearman,majority_sentiment_accuracy,majority_sentiment_macro_f1,majority_sentiment_weighted_f1,loss,gate_source_mean,gate_temporal_mean,gate_structure_mean
overall,all,9,0.11714617162942886,0.12756317853927612,-0.2778510780670371,-0.3423265984407288,1.0,1.0,1.0,0.01627236418426037,1.0,1.0,1.0
split,test,9,0.11714617162942886,0.12756317853927612,-0.2778510780670371,-0.3423265984407288,1.0,1.0,1.0,,1.0,1.0,1.0
observation_ratio,0.5,9,0.11714617162942886,0.12756317853927612,-0.2778510780670371,-0.3423265984407288,1.0,1.0,1.0,,1.0,1.0,1.0
event,putinmissing,9,0.11714617162942886,0.12756317853927612,-0.2778510780670371,-0.3423265984407288,1.0,1.0,1.0,,1.0,1.0,1.0
