event_name,num_threads,mae,rmse,pearson,spearman
prince-toronto,12,0.11665985733270645,0.11897159367799759,0.15485252689409226,0.04367131467411468
