group_name,group_value,num_threads,mae,rmse,pearson,spearman,majority_sentiment_accuracy,majority_sentiment_macro_f1,majority_sentiment_weighted_f1,loss,gate_source_mean,gate_temporal_mean,gate_structure_mean
overall,all,12,0.11665985733270645,0.11897159367799759,0.15485252689409226,0.04367131467411468,1.0,1.0,1.0,0.014154240489006042,,,
split,test,12,0.11665985733270645,0.11897159367799759,0.15485252689409226,0.04367131467411468,1.0,1.0,1.0,,,,
observation_ratio,0.5,12,0.11665985733270645,0.11897159367799759,0.15485252689409226,0.04367131467411468,1.0,1.0,1.0,,,,
event,prince-toronto,12,0.11665985733270645,0.11897159367799759,0.15485252689409226,0.04367131467411468,1.0,1.0,1.0,,,,
