event_name,num_threads,mae,rmse,pearson,spearman
germanwings-crash,25,0.124762624502182,0.21938441693782806,0.04135399575027687,0.3435150231229094
