event_name,num_threads,mae,rmse,pearson,spearman
prince-toronto,12,0.11394119262695312,0.12140606343746185,0.08811345557636711,-0.04397994971335425
putinmissing,9,0.10088518261909485,0.1206754669547081,0.12219381708322012,0.2520920866827581
sydneysiege,71,0.13539870083332062,0.20232628285884857,-0.15113847765543,0.28903212436191245
