group_name,group_value,num_threads,mae,rmse,pearson,spearman,majority_sentiment_accuracy,majority_sentiment_macro_f1,majority_sentiment_weighted_f1,loss,gate_source_mean,gate_temporal_mean,gate_structure_mean
overall,all,92,0.12922360002994537,0.18691973388195038,-0.06672800159970477,0.3320659499088016,0.967391304347826,0.3278084714548803,0.9513571943310113,0.03396267412851254,,,
split,test,92,0.12922360002994537,0.18691973388195038,-0.06672800159970477,0.3320659499088016,0.967391304347826,0.3278084714548803,0.9513571943310113,,,,
observation_ratio,0.5,92,0.12922360002994537,0.18691973388195038,-0.06672800159970477,0.3320659499088016,0.967391304347826,0.3278084714548803,0.9513571943310113,,,,
event,prince-toronto,12,0.11394119262695312,0.12140606343746185,0.08811345557636711,-0.04397994971335425,1.0,1.0,1.0,,,,
event,putinmissing,9,0.10088518261909485,0.1206754669547081,0.12219381708322012,0.2520920866827581,1.0,1.0,1.0,,,,
event,sydneysiege,71,0.13539870083332062,0.20232628285884857,-0.15113847765543,0.28903212436191245,0.9577464788732394,0.3261390887290168,0.9370756915594285,,,,
