event_name,num_threads,mae,rmse,pearson,spearman
charliehebdo,74,0.16785885393619537,0.22112470865249634,0.15376721429319554,0.11659412946326705
