group_name,group_value,num_threads,mae,rmse,pearson,spearman,majority_sentiment_accuracy,majority_sentiment_macro_f1,majority_sentiment_weighted_f1,loss,gate_source_mean,gate_temporal_mean,gate_structure_mean
overall,all,74,0.16785885393619537,0.22112470865249634,0.15376721429319554,0.11659412946326705,0.8513513513513513,0.30656934306569344,0.7829946735056224,0.0449704018731912,,,
split,test,74,0.16785885393619537,0.22112470865249634,0.15376721429319554,0.11659412946326705,0.8513513513513513,0.30656934306569344,0.7829946735056224,,,,
observation_ratio,0.5,74,0.16785885393619537,0.22112470865249634,0.15376721429319554,0.11659412946326705,0.8513513513513513,0.30656934306569344,0.7829946735056224,,,,
event,charliehebdo,74,0.16785885393619537,0.22112470865249634,0.15376721429319554,0.11659412946326705,0.8513513513513513,0.30656934306569344,0.7829946735056224,,,,
