group_name,group_value,num_threads,mae,rmse,pearson,spearman,majority_sentiment_accuracy,majority_sentiment_macro_f1,majority_sentiment_weighted_f1,loss,gate_source_mean,gate_temporal_mean,gate_structure_mean
overall,all,92,0.10519883036613464,0.1745268702507019,-0.20580414210080983,-0.07548558645422913,0.967391304347826,0.3278084714548803,0.9513571943310113,0.029609053395688534,1.0,1.0,1.0
split,test,92,0.10519883036613464,0.1745268702507019,-0.20580414210080983,-0.07548558645422913,0.967391304347826,0.3278084714548803,0.9513571943310113,,1.0,1.0,1.0
observation_ratio,0.5,92,0.10519883036613464,0.1745268702507019,-0.20580414210080983,-0.07548558645422913,0.967391304347826,0.3278084714548803,0.9513571943310113,,1.0,1.0,1.0
event,prince-toronto,12,0.08101557940244675,0.08652499318122864,0.20339328468807402,0.2183565733705734,1.0,1.0,1.0,,1.0,1.0,1.0
event,putinmissing,9,0.10185270011425018,0.12290623784065247,-0.6903859114777011,-0.6390096504226938,1.0,1.0,1.0,,1.0,1.0,1.0
event,sydneysiege,71,0.10971030592918396,0.19049577414989471,-0.22772624131248956,-0.07831621715324524,0.9577464788732394,0.3261390887290168,0.9370756915594285,,1.0,1.0,1.0
