event_name,num_threads,mae,rmse,pearson,spearman
germanwings-crash,25,0.17835037410259247,0.25406599044799805,-0.02809648398223509,-0.07252552031060658
