event_name,num_threads,mae,rmse,pearson,spearman
charliehebdo,74,0.14144036173820496,0.18748773634433746,0.14073667763275885,0.16794112067966352
