event_name,num_threads,mae,rmse,pearson,spearman
sydneysiege,71,0.1754033863544464,0.2425088882446289,-0.19995163351428655,-0.04996545045221223
