group_name,group_value,num_threads,mae,rmse,pearson,spearman,majority_sentiment_accuracy,majority_sentiment_macro_f1,majority_sentiment_weighted_f1,loss,gate_source_mean,gate_temporal_mean,gate_structure_mean
overall,all,71,0.1754033863544464,0.2425088882446289,-0.19995163351428655,-0.04996545045221223,0.9577464788732394,0.3261390887290168,0.9370756915594285,0.046749578788876534,,,
split,test,71,0.1754033863544464,0.2425088882446289,-0.19995163351428655,-0.04996545045221223,0.9577464788732394,0.3261390887290168,0.9370756915594285,,,,
observation_ratio,0.5,71,0.1754033863544464,0.2425088882446289,-0.19995163351428655,-0.04996545045221223,0.9577464788732394,0.3261390887290168,0.9370756915594285,,,,
event,sydneysiege,71,0.1754033863544464,0.2425088882446289,-0.19995163351428655,-0.04996545045221223,0.9577464788732394,0.3261390887290168,0.9370756915594285,,,,
