event_name,num_threads,mae,rmse,pearson,spearman
prince-toronto,12,0.06317802518606186,0.07575824856758118,0.27424010490496703,0.30785964799347976
putinmissing,9,0.10561764985322952,0.13991524279117584,-0.6711303482008614,-0.7333587976225691
sydneysiege,71,0.11583977192640305,0.19821862876415253,-0.19970215126331312,0.034520118653627085
