group_name,group_value,num_threads,mae,rmse,pearson,spearman,majority_sentiment_accuracy,majority_sentiment_macro_f1,majority_sentiment_weighted_f1,loss,gate_source_mean,gate_temporal_mean,gate_structure_mean
overall,all,92,0.10797085613012314,0.18161989748477936,-0.11806792748788533,0.10090472493485854,0.967391304347826,0.3278084714548803,0.9513571943310113,0.031993567322691284,,,
split,test,92,0.10797085613012314,0.18161989748477936,-0.11806792748788533,0.10090472493485854,0.967391304347826,0.3278084714548803,0.9513571943310113,,,,
observation_ratio,0.5,92,0.10797085613012314,0.18161989748477936,-0.11806792748788533,0.10090472493485854,0.967391304347826,0.3278084714548803,0.9513571943310113,,,,
event,prince-toronto,12,0.06317802518606186,0.07575824856758118,0.27424010490496703,0.30785964799347976,1.0,1.0,1.0,,,,
event,putinmissing,9,0.10561764985322952,0.13991524279117584,-0.6711303482008614,-0.7333587976225691,1.0,1.0,1.0,,,,
event,sydneysiege,71,0.11583977192640305,0.19821862876415253,-0.19970215126331312,0.034520118653627085,0.9577464788732394,0.3261390887290168,0.9370756915594285,,,,
