event_name,num_threads,mae,rmse,pearson,spearman
prince-toronto,12,0.15340998768806458,0.1780916005373001,0.07447726118569976,0.13101394402234404
putinmissing,9,0.12254919111728668,0.14790786802768707,nan,nan
sydneysiege,71,0.1816190928220749,0.25312674045562744,-0.1813946448761779,-0.1252043047446202
