group_name,group_value,num_threads,mae,rmse,pearson,spearman,majority_sentiment_accuracy,majority_sentiment_macro_f1,majority_sentiment_weighted_f1,loss,gate_source_mean,gate_temporal_mean,gate_structure_mean
overall,all,92,0.1721610575914383,0.23606105148792267,-0.15017905000176945,-0.08925403532131826,0.9347826086956522,0.32209737827715357,0.9032730825598437,0.05501490458846092,,,
split,test,92,0.1721610575914383,0.23606105148792267,-0.15017905000176945,-0.08925403532131826,0.9347826086956522,0.32209737827715357,0.9032730825598437,,,,
observation_ratio,0.7,92,0.1721610575914383,0.23606105148792267,-0.15017905000176945,-0.08925403532131826,0.9347826086956522,0.32209737827715357,0.9032730825598437,,,,
event,prince-toronto,12,0.15340998768806458,0.1780916005373001,0.07447726118569976,0.13101394402234404,0.9166666666666666,0.4782608695652174,0.8768115942028986,,,,
event,putinmissing,9,0.12254919111728668,0.14790786802768707,nan,nan,1.0,1.0,1.0,,,,
event,sydneysiege,71,0.1816190928220749,0.25312674045562744,-0.1813946448761779,-0.1252043047446202,0.9295774647887324,0.32116788321167883,0.8956512799424283,,,,
