event_name,num_threads,mae,rmse,pearson,spearman
prince-toronto,12,0.0983283743262291,0.09971576929092407,0.3156814772357385,0.30569920271880274
putinmissing,9,0.1077071875333786,0.11805541068315506,-0.4204881183846092,-0.59336610396393
sydneysiege,71,0.11559335887432098,0.18574047088623047,-0.1353066869320576,-0.18468710944928818
