group_name,group_value,num_threads,mae,rmse,pearson,spearman,majority_sentiment_accuracy,majority_sentiment_macro_f1,majority_sentiment_weighted_f1,loss,gate_source_mean,gate_temporal_mean,gate_structure_mean
overall,all,92,0.11256993561983109,0.1711285561323166,-0.1080161624081679,-0.1323379222363623,0.967391304347826,0.3278084714548803,0.9513571943310113,0.02853790142883857,,,
split,test,92,0.11256993561983109,0.1711285561323166,-0.1080161624081679,-0.1323379222363623,0.967391304347826,0.3278084714548803,0.9513571943310113,,,,
observation_ratio,0.5,92,0.11256993561983109,0.1711285561323166,-0.1080161624081679,-0.1323379222363623,0.967391304347826,0.3278084714548803,0.9513571943310113,,,,
event,prince-toronto,12,0.0983283743262291,0.09971576929092407,0.3156814772357385,0.30569920271880274,1.0,1.0,1.0,,,,
event,putinmissing,9,0.1077071875333786,0.11805541068315506,-0.4204881183846092,-0.59336610396393,1.0,1.0,1.0,,,,
event,sydneysiege,71,0.11559335887432098,0.18574047088623047,-0.1353066869320576,-0.18468710944928818,0.9577464788732394,0.3261390887290168,0.9370756915594285,,,,
