group_name,group_value,num_threads,mae,rmse,pearson,spearman,majority_sentiment_accuracy,majority_sentiment_macro_f1,majority_sentiment_weighted_f1,loss,gate_source_mean,gate_temporal_mean,gate_structure_mean
overall,all,92,0.15234895050525665,0.22426491975784302,-0.19935484230413142,-0.11695413955056115,0.967391304347826,0.3278084714548803,0.9513571943310113,0.049376520638664566,,,
split,test,92,0.15234895050525665,0.22426491975784302,-0.19935484230413142,-0.11695413955056115,0.967391304347826,0.3278084714548803,0.9513571943310113,,,,
observation_ratio,0.5,92,0.15234895050525665,0.22426491975784302,-0.19935484230413142,-0.11695413955056115,0.967391304347826,0.3278084714548803,0.9513571943310113,,,,
event,prince-toronto,12,0.13742603361606598,0.16221493482589722,-0.037752977471416656,-0.13101394402234404,1.0,1.0,1.0,,,,
event,putinmissing,9,0.12789727747440338,0.15040212869644165,0.08831411171226061,0.18257418583505536,1.0,1.0,1.0,,,,
event,sydneysiege,71,0.1579706370830536,0.24053244292736053,-0.2176039995068561,-0.13405545299104643,0.9577464788732394,0.3261390887290168,0.9370756915594285,,,,
