event_name,num_threads,mae,rmse,pearson,spearman
prince-toronto,12,0.12549592554569244,0.12965190410614014,0.21604727601037957,0.04367131467411468
putinmissing,9,0.11144334822893143,0.12530113756656647,0.16655905064545576,0.15975241260567344
sydneysiege,71,0.14094798266887665,0.2017657309770584,-0.19319854366410366,0.18551986695682507
