group_name,group_value,num_threads,mae,rmse,pearson,spearman,majority_sentiment_accuracy,majority_sentiment_macro_f1,majority_sentiment_weighted_f1,loss,gate_source_mean,gate_temporal_mean,gate_structure_mean
overall,all,92,0.1360461711883545,0.18747134506702423,-0.0810429733770654,0.2704625682839345,0.967391304347826,0.3278084714548803,0.9513571943310113,0.034255847024420895,,,
split,test,92,0.1360461711883545,0.18747134506702423,-0.0810429733770654,0.2704625682839345,0.967391304347826,0.3278084714548803,0.9513571943310113,,,,
observation_ratio,0.5,92,0.1360461711883545,0.18747134506702423,-0.0810429733770654,0.2704625682839345,0.967391304347826,0.3278084714548803,0.9513571943310113,,,,
event,prince-toronto,12,0.12549592554569244,0.12965190410614014,0.21604727601037957,0.04367131467411468,1.0,1.0,1.0,,,,
event,putinmissing,9,0.11144334822893143,0.12530113756656647,0.16655905064545576,0.15975241260567344,1.0,1.0,1.0,,,,
event,sydneysiege,71,0.14094798266887665,0.2017657309770584,-0.19319854366410366,0.18551986695682507,0.9577464788732394,0.3261390887290168,0.9370756915594285,,,,
