event_name,num_threads,mae,rmse,pearson,spearman
prince-toronto,12,0.12139379233121872,0.14584966003894806,-0.23299299800187767,-0.2183565733705734
putinmissing,9,0.09435421973466873,0.12680910527706146,0.14446768411252509,0.27386127875258304
sydneysiege,71,0.13268552720546722,0.2201751321554184,-0.08600097281690319,0.04778177521022666
