group_name,group_value,num_threads,mae,rmse,pearson,spearman,majority_sentiment_accuracy,majority_sentiment_macro_f1,majority_sentiment_weighted_f1,loss,gate_source_mean,gate_temporal_mean,gate_structure_mean
overall,all,92,0.12746290862560272,0.20435114204883575,-0.07113106890468383,0.037693828641019715,0.967391304347826,0.3278084714548803,0.9513571943310113,0.04093680406610171,,,
split,test,92,0.12746290862560272,0.20435114204883575,-0.07113106890468383,0.037693828641019715,0.967391304347826,0.3278084714548803,0.9513571943310113,,,,
observation_ratio,0.5,92,0.12746290862560272,0.20435114204883575,-0.07113106890468383,0.037693828641019715,0.967391304347826,0.3278084714548803,0.9513571943310113,,,,
event,prince-toronto,12,0.12139379233121872,0.14584966003894806,-0.23299299800187767,-0.2183565733705734,1.0,1.0,1.0,,,,
event,putinmissing,9,0.09435421973466873,0.12680910527706146,0.14446768411252509,0.27386127875258304,1.0,1.0,1.0,,,,
event,sydneysiege,71,0.13268552720546722,0.2201751321554184,-0.08600097281690319,0.04778177521022666,0.9577464788732394,0.3261390887290168,0.9370756915594285,,,,
