event_name,num_threads,mae,rmse,pearson,spearman
prince-toronto,12,0.12088734656572342,0.14526724815368652,0.3976457677220598,0.39304183206703214
putinmissing,9,0.13359707593917847,0.17018309235572815,-0.13750596399313073,0.09128709291752768
sydneysiege,71,0.13360053300857544,0.2169567048549652,-0.0072877729669292715,0.15820542070961569
