group_name,group_value,num_threads,mae,rmse,pearson,spearman,majority_sentiment_accuracy,majority_sentiment_macro_f1,majority_sentiment_weighted_f1,loss,gate_source_mean,gate_temporal_mean,gate_structure_mean
overall,all,92,0.13194194436073303,0.20472346246242523,-0.011235569581667463,0.13503542579758784,0.967391304347826,0.3278084714548803,0.9513571943310113,0.040754203063746296,,,
split,test,92,0.13194194436073303,0.20472346246242523,-0.011235569581667463,0.13503542579758784,0.967391304347826,0.3278084714548803,0.9513571943310113,,,,
observation_ratio,0.5,92,0.13194194436073303,0.20472346246242523,-0.011235569581667463,0.13503542579758784,0.967391304347826,0.3278084714548803,0.9513571943310113,,,,
event,prince-toronto,12,0.12088734656572342,0.14526724815368652,0.3976457677220598,0.39304183206703214,1.0,1.0,1.0,,,,
event,putinmissing,9,0.13359707593917847,0.17018309235572815,-0.13750596399313073,0.09128709291752768,1.0,1.0,1.0,,,,
event,sydneysiege,71,0.13360053300857544,0.2169567048549652,-0.0072877729669292715,0.15820542070961569,0.9577464788732394,0.3261390887290168,0.9370756915594285,,,,
