event_name,num_threads,mae,rmse,pearson,spearman
prince-toronto,12,0.11397083848714828,0.11962277442216873,0.08103977815431432,0.04367131467411468
putinmissing,9,0.10245323181152344,0.10439038276672363,nan,nan
sydneysiege,71,0.14136157929897308,0.20608480274677277,-0.12165510822941841,-0.1809789409758484
