group_name,group_value,num_threads,mae,rmse,pearson,spearman,majority_sentiment_accuracy,majority_sentiment_macro_f1,majority_sentiment_weighted_f1,loss,gate_source_mean,gate_temporal_mean,gate_structure_mean
overall,all,92,0.1339826136827469,0.18896827101707458,-0.11824394151967008,-0.17205407514321144,0.9347826086956522,0.32209737827715357,0.9032730825598437,0.03507357152799765,1.0,1.0,1.0
split,test,92,0.1339826136827469,0.18896827101707458,-0.11824394151967008,-0.17205407514321144,0.9347826086956522,0.32209737827715357,0.9032730825598437,,1.0,1.0,1.0
observation_ratio,0.7,92,0.1339826136827469,0.18896827101707458,-0.11824394151967008,-0.17205407514321144,0.9347826086956522,0.32209737827715357,0.9032730825598437,,1.0,1.0,1.0
event,prince-toronto,12,0.11397083848714828,0.11962277442216873,0.08103977815431432,0.04367131467411468,0.9166666666666666,0.4782608695652174,0.8768115942028986,,1.0,1.0,1.0
event,putinmissing,9,0.10245323181152344,0.10439038276672363,nan,nan,1.0,1.0,1.0,,1.0,1.0,1.0
event,sydneysiege,71,0.14136157929897308,0.20608480274677277,-0.12165510822941841,-0.1809789409758484,0.9295774647887324,0.32116788321167883,0.8956512799424283,,1.0,1.0,1.0
