event_name,num_threads,mae,rmse,pearson,spearman
sydneysiege,71,0.09996787458658218,0.19411535561084747,-0.17452156868536692,0.2551198888645177
