event_name,num_threads,mae,rmse,pearson,spearman
ferguson,46,0.10716671496629715,0.1362522393465042,0.21327350226247807,0.26692330138147496
