group_name,group_value,num_threads,mae,rmse,pearson,spearman,majority_sentiment_accuracy,majority_sentiment_macro_f1,majority_sentiment_weighted_f1,loss,gate_source_mean,gate_temporal_mean,gate_structure_mean
overall,all,46,0.10716671496629715,0.1362522393465042,0.21327350226247807,0.26692330138147496,0.9565217391304348,0.4888888888888889,0.9352657004830917,0.016875845845788717,,,
split,test,46,0.10716671496629715,0.1362522393465042,0.21327350226247807,0.26692330138147496,0.9565217391304348,0.4888888888888889,0.9352657004830917,,,,
observation_ratio,0.5,46,0.10716671496629715,0.1362522393465042,0.21327350226247807,0.26692330138147496,0.9565217391304348,0.4888888888888889,0.9352657004830917,,,,
event,ferguson,46,0.10716671496629715,0.1362522393465042,0.21327350226247807,0.26692330138147496,0.9565217391304348,0.4888888888888889,0.9352657004830917,,,,
