event_name,num_threads,mae,rmse,pearson,spearman
sydneysiege,71,0.12005849182605743,0.20020215213298798,-0.4303043619738824,-0.015748369753641706
