group_name,group_value,num_threads,mae,rmse,pearson,spearman,majority_sentiment_accuracy,majority_sentiment_macro_f1,majority_sentiment_weighted_f1,loss,gate_source_mean,gate_temporal_mean,gate_structure_mean
overall,all,92,0.11836011707782745,0.17733491957187653,-0.11195826259729848,0.32117207417416793,0.967391304347826,0.3278084714548803,0.9513571943310113,0.03058454456428687,,,
split,test,92,0.11836011707782745,0.17733491957187653,-0.11195826259729848,0.32117207417416793,0.967391304347826,0.3278084714548803,0.9513571943310113,,,,
observation_ratio,0.5,92,0.11836011707782745,0.17733491957187653,-0.11195826259729848,0.32117207417416793,0.967391304347826,0.3278084714548803,0.9513571943310113,,,,
event,prince-toronto,12,0.11167171597480774,0.11378725618124008,0.193302412079985,0.04367131467411468,1.0,1.0,1.0,,,,
event,putinmissing,9,0.09872838854789734,0.11248146742582321,0.35595381519677993,0.5020790110464023,1.0,1.0,1.0,,,,
event,sydneysiege,71,0.12197908014059067,0.19224201142787933,-0.21589603197879362,0.32575623122603403,0.9577464788732394,0.3261390887290168,0.9370756915594285,,,,
