event_name,num_threads,mae,rmse,pearson,spearman
ferguson,46,0.11054041236639023,0.14183148741722107,0.3752521705167183,0.3828349490761827
