event_name,num_threads,mae,rmse,pearson,spearman
sydneysiege,71,0.12367839366197586,0.18826884031295776,-0.16380485469652536,0.09787676571916684
