group_name,group_value,num_threads,mae,rmse,pearson,spearman,majority_sentiment_accuracy,majority_sentiment_macro_f1,majority_sentiment_weighted_f1,loss,gate_source_mean,gate_temporal_mean,gate_structure_mean
overall,all,71,0.12367839366197586,0.18826884031295776,-0.16380485469652536,0.09787676571916684,0.9577464788732394,0.3261390887290168,0.9370756915594285,0.0285206933816274,1.0,1.0,1.0
split,test,71,0.12367839366197586,0.18826884031295776,-0.16380485469652536,0.09787676571916684,0.9577464788732394,0.3261390887290168,0.9370756915594285,,1.0,1.0,1.0
observation_ratio,0.5,71,0.12367839366197586,0.18826884031295776,-0.16380485469652536,0.09787676571916684,0.9577464788732394,0.3261390887290168,0.9370756915594285,,1.0,1.0,1.0
event,sydneysiege,71,0.12367839366197586,0.18826884031295776,-0.16380485469652536,0.09787676571916684,0.9577464788732394,0.3261390887290168,0.9370756915594285,,1.0,1.0,1.0
