event_name,num_threads,mae,rmse,pearson,spearman
ottawashooting,58,0.11332082003355026,0.1630309820175171,0.07735445674722029,0.3027639471832652
