group_name,group_value,num_threads,mae,rmse,pearson,spearman,majority_sentiment_accuracy,majority_sentiment_macro_f1,majority_sentiment_weighted_f1,loss,gate_source_mean,gate_temporal_mean,gate_structure_mean
overall,all,58,0.11332082003355026,0.1630309820175171,0.07735445674722029,0.3027639471832652,0.896551724137931,0.3151515151515151,0.8476489028213167,0.026112924329936504,1.0,1.0,1.0
split,test,58,0.11332082003355026,0.1630309820175171,0.07735445674722029,0.3027639471832652,0.896551724137931,0.3151515151515151,0.8476489028213167,,1.0,1.0,1.0
observation_ratio,0.5,58,0.11332082003355026,0.1630309820175171,0.07735445674722029,0.3027639471832652,0.896551724137931,0.3151515151515151,0.8476489028213167,,1.0,1.0,1.0
event,ottawashooting,58,0.11332082003355026,0.1630309820175171,0.07735445674722029,0.3027639471832652,0.896551724137931,0.3151515151515151,0.8476489028213167,,1.0,1.0,1.0
