event_name,num_threads,mae,rmse,pearson,spearman
prince-toronto,12,0.08196326345205307,0.1065671369433403,0.37679255910059467,0.30569920271880274
putinmissing,9,0.07215284556150436,0.08932464569807053,0.49297455157539705,0.45643546458763845
sydneysiege,71,0.15523897111415863,0.2353837937116623,-0.20060172360028977,-0.2236817119587476
