group_name,group_value,num_threads,mae,rmse,pearson,spearman,majority_sentiment_accuracy,majority_sentiment_macro_f1,majority_sentiment_weighted_f1,loss,gate_source_mean,gate_temporal_mean,gate_structure_mean
overall,all,92,0.13755327463150024,0.2121802270412445,-0.1619618866757471,-0.12963636887411004,0.9456521739130435,0.3240223463687151,0.9192373087199417,0.044559268901745476,,,
split,test,92,0.13755327463150024,0.2121802270412445,-0.1619618866757471,-0.12963636887411004,0.9456521739130435,0.3240223463687151,0.9192373087199417,,,,
observation_ratio,0.3,92,0.13755327463150024,0.2121802270412445,-0.1619618866757471,-0.12963636887411004,0.9456521739130435,0.3240223463687151,0.9192373087199417,,,,
event,prince-toronto,12,0.08196326345205307,0.1065671369433403,0.37679255910059467,0.30569920271880274,0.8333333333333334,0.45454545454545453,0.7575757575757575,,,,
event,putinmissing,9,0.07215284556150436,0.08932464569807053,0.49297455157539705,0.45643546458763845,1.0,1.0,1.0,,,,
event,sydneysiege,71,0.15523897111415863,0.2353837937116623,-0.20060172360028977,-0.2236817119587476,0.9577464788732394,0.3261390887290168,0.9370756915594285,,,,
