event_name,num_threads,mae,rmse,pearson,spearman
ferguson,46,0.1418616771697998,0.17566870152950287,0.10046740753369063,0.09544187675837262
