group_name,group_value,num_threads,mae,rmse,pearson,spearman,majority_sentiment_accuracy,majority_sentiment_macro_f1,majority_sentiment_weighted_f1,loss,gate_source_mean,gate_temporal_mean,gate_structure_mean
overall,all,46,0.1418616771697998,0.17566870152950287,0.10046740753369063,0.09544187675837262,0.9565217391304348,0.4888888888888889,0.9352657004830917,0.02947875577956438,,,
split,test,46,0.1418616771697998,0.17566870152950287,0.10046740753369063,0.09544187675837262,0.9565217391304348,0.4888888888888889,0.9352657004830917,,,,
observation_ratio,0.5,46,0.1418616771697998,0.17566870152950287,0.10046740753369063,0.09544187675837262,0.9565217391304348,0.4888888888888889,0.9352657004830917,,,,
event,ferguson,46,0.1418616771697998,0.17566870152950287,0.10046740753369063,0.09544187675837262,0.9565217391304348,0.4888888888888889,0.9352657004830917,,,,
