event_name,num_threads,mae,rmse,pearson,spearman
charliehebdo,74,0.13929902017116547,0.1915578693151474,0.2170293096059418,0.12298971623903715
