group_name,group_value,num_threads,mae,rmse,pearson,spearman,majority_sentiment_accuracy,majority_sentiment_macro_f1,majority_sentiment_weighted_f1,loss,gate_source_mean,gate_temporal_mean,gate_structure_mean
overall,all,74,0.13929902017116547,0.1915578693151474,0.2170293096059418,0.12298971623903715,0.8513513513513513,0.30656934306569344,0.7829946735056224,0.03289615300794443,1.0,1.0,1.0
split,test,74,0.13929902017116547,0.1915578693151474,0.2170293096059418,0.12298971623903715,0.8513513513513513,0.30656934306569344,0.7829946735056224,,1.0,1.0,1.0
observation_ratio,0.5,74,0.13929902017116547,0.1915578693151474,0.2170293096059418,0.12298971623903715,0.8513513513513513,0.30656934306569344,0.7829946735056224,,1.0,1.0,1.0
event,charliehebdo,74,0.13929902017116547,0.1915578693151474,0.2170293096059418,0.12298971623903715,0.8513513513513513,0.30656934306569344,0.7829946735056224,,1.0,1.0,1.0
