event_name,num_threads,mae,rmse,pearson,spearman
prince-toronto,12,0.05053669214248657,0.07555986940860748,-0.27719660162170706,-0.39304183206703214
putinmissing,9,0.07137466222047806,0.10693566501140594,0.23472431753936987,0.3195048252113469
sydneysiege,71,0.10145796835422516,0.19638513028621674,0.35500044681178483,0.10611181218258701
