group_name,group_value,num_threads,mae,rmse,pearson,spearman,majority_sentiment_accuracy,majority_sentiment_macro_f1,majority_sentiment_weighted_f1,loss,gate_source_mean,gate_temporal_mean,gate_structure_mean
overall,all,92,0.09187312424182892,0.17784011363983154,0.18112339014754358,-0.011333076017954203,0.967391304347826,0.3278084714548803,0.9513571943310113,0.030900202381114166,1.0,1.0,1.0
split,test,92,0.09187312424182892,0.17784011363983154,0.18112339014754358,-0.011333076017954203,0.967391304347826,0.3278084714548803,0.9513571943310113,,1.0,1.0,1.0
observation_ratio,0.5,92,0.09187312424182892,0.17784011363983154,0.18112339014754358,-0.011333076017954203,0.967391304347826,0.3278084714548803,0.9513571943310113,,1.0,1.0,1.0
event,prince-toronto,12,0.05053669214248657,0.07555986940860748,-0.27719660162170706,-0.39304183206703214,1.0,1.0,1.0,,1.0,1.0,1.0
event,putinmissing,9,0.07137466222047806,0.10693566501140594,0.23472431753936987,0.3195048252113469,1.0,1.0,1.0,,1.0,1.0,1.0
event,sydneysiege,71,0.10145796835422516,0.19638513028621674,0.35500044681178483,0.10611181218258701,0.9577464788732394,0.3261390887290168,0.9370756915594285,,1.0,1.0,1.0
