event_name,num_threads,mae,rmse,pearson,spearman
prince-toronto,12,0.08879470080137253,0.10408054292201996,-0.16707133116188497,-0.2183565733705734
putinmissing,9,0.09343036264181137,0.1003517135977745,0.6138281463476947,0.3651483716701107
sydneysiege,71,0.11797031760215759,0.20083525776863098,-0.17595686603705604,-0.07021071074655304
