group_name,group_value,num_threads,mae,rmse,pearson,spearman,majority_sentiment_accuracy,majority_sentiment_macro_f1,majority_sentiment_weighted_f1,loss,gate_source_mean,gate_temporal_mean,gate_structure_mean
overall,all,92,0.11176414787769318,0.18310123682022095,-0.13186532950896057,-0.0850559373727686,0.967391304347826,0.3278084714548803,0.9513571943310113,0.03288357083996137,,,
split,test,92,0.11176414787769318,0.18310123682022095,-0.13186532950896057,-0.0850559373727686,0.967391304347826,0.3278084714548803,0.9513571943310113,,,,
observation_ratio,0.5,92,0.11176414787769318,0.18310123682022095,-0.13186532950896057,-0.0850559373727686,0.967391304347826,0.3278084714548803,0.9513571943310113,,,,
event,prince-toronto,12,0.08879470080137253,0.10408054292201996,-0.16707133116188497,-0.2183565733705734,1.0,1.0,1.0,,,,
event,putinmissing,9,0.09343036264181137,0.1003517135977745,0.6138281463476947,0.3651483716701107,1.0,1.0,1.0,,,,
event,sydneysiege,71,0.11797031760215759,0.20083525776863098,-0.17595686603705604,-0.07021071074655304,0.9577464788732394,0.3261390887290168,0.9370756915594285,,,,
