event_name,num_threads,mae,rmse,pearson,spearman
ferguson,46,0.10926328599452972,0.12777908146381378,0.21548259900590427,0.27684423330767427
