group_name,group_value,num_threads,mae,rmse,pearson,spearman,majority_sentiment_accuracy,majority_sentiment_macro_f1,majority_sentiment_weighted_f1,loss,gate_source_mean,gate_temporal_mean,gate_structure_mean
overall,all,46,0.10926328599452972,0.12777908146381378,0.21548259900590427,0.27684423330767427,0.9565217391304348,0.4888888888888889,0.9352657004830917,0.01535804569721222,1.0,1.0,1.0
split,test,46,0.10926328599452972,0.12777908146381378,0.21548259900590427,0.27684423330767427,0.9565217391304348,0.4888888888888889,0.9352657004830917,,1.0,1.0,1.0
observation_ratio,0.5,46,0.10926328599452972,0.12777908146381378,0.21548259900590427,0.27684423330767427,0.9565217391304348,0.4888888888888889,0.9352657004830917,,1.0,1.0,1.0
event,ferguson,46,0.10926328599452972,0.12777908146381378,0.21548259900590427,0.27684423330767427,0.9565217391304348,0.4888888888888889,0.9352657004830917,,1.0,1.0,1.0
