event_name,num_threads,mae,rmse,pearson,spearman
ottawashooting,58,0.12836137413978577,0.1743457317352295,0.20398167941648374,0.07694237297335697
