group_name,group_value,num_threads,mae,rmse,pearson,spearman,majority_sentiment_accuracy,majority_sentiment_macro_f1,majority_sentiment_weighted_f1,loss,gate_source_mean,gate_temporal_mean,gate_structure_mean
overall,all,58,0.12836137413978577,0.1743457317352295,0.20398167941648374,0.07694237297335697,0.896551724137931,0.3151515151515151,0.8476489028213167,0.03017887193709612,,,
split,test,58,0.12836137413978577,0.1743457317352295,0.20398167941648374,0.07694237297335697,0.896551724137931,0.3151515151515151,0.8476489028213167,,,,
observation_ratio,0.5,58,0.12836137413978577,0.1743457317352295,0.20398167941648374,0.07694237297335697,0.896551724137931,0.3151515151515151,0.8476489028213167,,,,
event,ottawashooting,58,0.12836137413978577,0.1743457317352295,0.20398167941648374,0.07694237297335697,0.896551724137931,0.3151515151515151,0.8476489028213167,,,,
