event_name,num_threads,mae,rmse,pearson,spearman
prince-toronto,12,0.08612509816884995,0.09095459431409836,0.031226981622428616,-0.04397994971335425
