group_name,group_value,num_threads,mae,rmse,pearson,spearman,majority_sentiment_accuracy,majority_sentiment_macro_f1,majority_sentiment_weighted_f1,loss,gate_source_mean,gate_temporal_mean,gate_structure_mean
overall,all,12,0.08612509816884995,0.09095459431409836,0.031226981622428616,-0.04397994971335425,1.0,1.0,1.0,0.008272739127278328,,,
split,test,12,0.08612509816884995,0.09095459431409836,0.031226981622428616,-0.04397994971335425,1.0,1.0,1.0,,,,
observation_ratio,0.5,12,0.08612509816884995,0.09095459431409836,0.031226981622428616,-0.04397994971335425,1.0,1.0,1.0,,,,
event,prince-toronto,12,0.08612509816884995,0.09095459431409836,0.031226981622428616,-0.04397994971335425,1.0,1.0,1.0,,,,
