event_name,num_threads,mae,rmse,pearson,spearman
prince-toronto,12,0.07719489187002182,0.07829917222261429,0.0416683234220666,-0.04367131467411468
putinmissing,9,0.08313325047492981,0.09454932808876038,-0.34052092533823286,-0.25103950552320115
sydneysiege,71,0.09856022894382477,0.18195919692516327,-0.35294276570568156,-0.029526472583164643
