group_name,group_value,num_threads,mae,rmse,pearson,spearman,majority_sentiment_accuracy,majority_sentiment_macro_f1,majority_sentiment_weighted_f1,loss,gate_source_mean,gate_temporal_mean,gate_structure_mean
overall,all,92,0.09426427632570267,0.1650024801492691,-0.1983926654635447,0.09771581432571362,0.9456521739130435,0.3240223463687151,0.9192373087199417,0.026439366086075704,1.0,1.0,1.0
split,test,92,0.09426427632570267,0.1650024801492691,-0.1983926654635447,0.09771581432571362,0.9456521739130435,0.3240223463687151,0.9192373087199417,,1.0,1.0,1.0
observation_ratio,0.3,92,0.09426427632570267,0.1650024801492691,-0.1983926654635447,0.09771581432571362,0.9456521739130435,0.3240223463687151,0.9192373087199417,,1.0,1.0,1.0
event,prince-toronto,12,0.07719489187002182,0.07829917222261429,0.0416683234220666,-0.04367131467411468,0.8333333333333334,0.45454545454545453,0.7575757575757575,,1.0,1.0,1.0
event,putinmissing,9,0.08313325047492981,0.09454932808876038,-0.34052092533823286,-0.25103950552320115,1.0,1.0,1.0,,1.0,1.0,1.0
event,sydneysiege,71,0.09856022894382477,0.18195919692516327,-0.35294276570568156,-0.029526472583164643,0.9577464788732394,0.3261390887290168,0.9370756915594285,,1.0,1.0,1.0
