event_name,num_threads,mae,rmse,pearson,spearman
prince-toronto,12,0.12137608975172043,0.13135641813278198,0.1229685437953131,0.13101394402234404
putinmissing,9,0.11791566014289856,0.14922800660133362,-0.39400224605969925,-0.3423265984407288
sydneysiege,71,0.13810518383979797,0.20841197669506073,-0.3629082377253355,0.07542932446045077
