group_name,group_value,num_threads,mae,rmse,pearson,spearman,majority_sentiment_accuracy,majority_sentiment_macro_f1,majority_sentiment_weighted_f1,loss,gate_source_mean,gate_temporal_mean,gate_structure_mean
overall,all,92,0.13394805788993835,0.19480757415294647,-0.24220471961087003,0.07177318056303753,0.967391304347826,0.3278084714548803,0.9513571943310113,0.03692728808770577,,,
split,test,92,0.13394805788993835,0.19480757415294647,-0.24220471961087003,0.07177318056303753,0.967391304347826,0.3278084714548803,0.9513571943310113,,,,
observation_ratio,0.5,92,0.13394805788993835,0.19480757415294647,-0.24220471961087003,0.07177318056303753,0.967391304347826,0.3278084714548803,0.9513571943310113,,,,
event,prince-toronto,12,0.12137608975172043,0.13135641813278198,0.1229685437953131,0.13101394402234404,1.0,1.0,1.0,,,,
event,putinmissing,9,0.11791566014289856,0.14922800660133362,-0.39400224605969925,-0.3423265984407288,1.0,1.0,1.0,,,,
event,sydneysiege,71,0.13810518383979797,0.20841197669506073,-0.3629082377253355,0.07542932446045077,0.9577464788732394,0.3261390887290168,0.9370756915594285,,,,
