event_name,num_threads,mae,rmse,pearson,spearman
prince-toronto,12,0.12840251624584198,0.15657366812229156,-0.22471567107763094,-0.30569920271880274
