event_name,num_threads,mae,rmse,pearson,spearman
prince-toronto,12,0.1187099814414978,0.14506171643733978,-0.0015823891898555762,-0.13101394402234404
putinmissing,9,0.16227534413337708,0.1773729771375656,-0.07926540056418178,-0.04564354645876384
sydneysiege,71,0.1876603364944458,0.24951191246509552,-0.1971413897398635,-0.09578561908912982
