group_name,group_value,num_threads,mae,rmse,pearson,spearman,majority_sentiment_accuracy,majority_sentiment_macro_f1,majority_sentiment_weighted_f1,loss,gate_source_mean,gate_temporal_mean,gate_structure_mean
overall,all,92,0.17618349194526672,0.23209479451179504,-0.14436275591914685,-0.02886239783991164,0.967391304347826,0.3278084714548803,0.9513571943310113,0.053134857366482414,,,
split,test,92,0.17618349194526672,0.23209479451179504,-0.14436275591914685,-0.02886239783991164,0.967391304347826,0.3278084714548803,0.9513571943310113,,,,
observation_ratio,0.5,92,0.17618349194526672,0.23209479451179504,-0.14436275591914685,-0.02886239783991164,0.967391304347826,0.3278084714548803,0.9513571943310113,,,,
event,prince-toronto,12,0.1187099814414978,0.14506171643733978,-0.0015823891898555762,-0.13101394402234404,1.0,1.0,1.0,,,,
event,putinmissing,9,0.16227534413337708,0.1773729771375656,-0.07926540056418178,-0.04564354645876384,1.0,1.0,1.0,,,,
event,sydneysiege,71,0.1876603364944458,0.24951191246509552,-0.1971413897398635,-0.09578561908912982,0.9577464788732394,0.3261390887290168,0.9370756915594285,,,,
