event_name,thread_count,mean_observed_replies,mean_forecast_replies,mean_future_neg_ratio,mean_avg_depth,mean_branching_factor
charliehebdo,74,7.608108108108108,8.108108108108109,0.16812277988748578,1.168261539291691,5.317323415666013
sydneysiege,71,8.0,8.408450704225352,0.09862370897996416,1.2802713807200041,4.0155813727580325
ottawashooting,58,6.482758620689655,7.068965517241379,0.08561309955392327,1.1753957333235905,3.804084568188108
ferguson,46,12.76086956521739,13.282608695652174,0.13734930940308515,1.350064464237379,4.327918446582297
germanwings-crash,25,5.52,5.92,0.10789560439560439,1.1832014751434325,3.406666669845581
prince-toronto,12,4.0,4.333333333333333,0.020833333333333332,1.3845237990220387,2.51388888557752
putinmissing,9,3.2222222222222223,3.888888888888889,0.05291005291005291,1.2301587263743083,2.4888888862397938
ebola-essien,2,8.5,8.5,0.16346153846153846,1.0384615659713745,5.25
