sentiment_label,count,ratio
negative,615,0.12823185988323604
neutral,3795,0.7912844036697247
positive,386,0.0804837364470392
