event_name,num_threads,mae,rmse,pearson,spearman
prince-toronto,12,0.11207709461450577,0.11241243034601212,0.1335957693575219,0.13193984914006276
putinmissing,9,0.1134633868932724,0.12297526746988297,-0.18154975981505364,-0.18333969940564226
sydneysiege,71,0.12028620392084122,0.1859060823917389,-0.11323392646471865,0.24360405996390058
