group_name,group_value,num_threads,mae,rmse,pearson,spearman,majority_sentiment_accuracy,majority_sentiment_macro_f1,majority_sentiment_weighted_f1,loss,gate_source_mean,gate_temporal_mean,gate_structure_mean
overall,all,92,0.11854799836874008,0.17262616753578186,-0.032635729522494564,0.285753341109831,0.967391304347826,0.3278084714548803,0.9513571943310113,0.02904786014308532,,,
split,test,92,0.11854799836874008,0.17262616753578186,-0.032635729522494564,0.285753341109831,0.967391304347826,0.3278084714548803,0.9513571943310113,,,,
observation_ratio,0.5,92,0.11854799836874008,0.17262616753578186,-0.032635729522494564,0.285753341109831,0.967391304347826,0.3278084714548803,0.9513571943310113,,,,
event,prince-toronto,12,0.11207709461450577,0.11241243034601212,0.1335957693575219,0.13193984914006276,1.0,1.0,1.0,,,,
event,putinmissing,9,0.1134633868932724,0.12297526746988297,-0.18154975981505364,-0.18333969940564226,1.0,1.0,1.0,,,,
event,sydneysiege,71,0.12028620392084122,0.1859060823917389,-0.11323392646471865,0.24360405996390058,0.9577464788732394,0.3261390887290168,0.9370756915594285,,,,
