group_name,group_value,num_threads,mae,rmse,pearson,spearman,majority_sentiment_accuracy,majority_sentiment_macro_f1,majority_sentiment_weighted_f1,loss,gate_source_mean,gate_temporal_mean,gate_structure_mean
overall,all,25,0.11534103751182556,0.225380077958107,-7.837074425378712e-05,0.37337212308053014,0.96,0.4897959183673469,0.9404081632653061,0.05079617723822594,,,
split,test,25,0.11534103751182556,0.225380077958107,-7.837074425378712e-05,0.37337212308053014,0.96,0.4897959183673469,0.9404081632653061,,,,
observation_ratio,0.5,25,0.11534103751182556,0.225380077958107,-7.837074425378712e-05,0.37337212308053014,0.96,0.4897959183673469,0.9404081632653061,,,,
event,germanwings-crash,25,0.11534103751182556,0.225380077958107,-7.837074425378712e-05,0.37337212308053014,0.96,0.4897959183673469,0.9404081632653061,,,,
