event_name,num_threads,mae,rmse,pearson,spearman
putinmissing,9,0.06605269014835358,0.10800120234489441,0.19949125819557614,0.15975241260567344
