group_name,group_value,num_threads,mae,rmse,pearson,spearman,majority_sentiment_accuracy,majority_sentiment_macro_f1,majority_sentiment_weighted_f1,loss,gate_source_mean,gate_temporal_mean,gate_structure_mean
overall,all,9,0.06605269014835358,0.10800120234489441,0.19949125819557614,0.15975241260567344,1.0,1.0,1.0,0.011664260178804398,,,
split,test,9,0.06605269014835358,0.10800120234489441,0.19949125819557614,0.15975241260567344,1.0,1.0,1.0,,,,
observation_ratio,0.5,9,0.06605269014835358,0.10800120234489441,0.19949125819557614,0.15975241260567344,1.0,1.0,1.0,,,,
event,putinmissing,9,0.06605269014835358,0.10800120234489441,0.19949125819557614,0.15975241260567344,1.0,1.0,1.0,,,,
