event_name,num_threads,mae,rmse,pearson,spearman
sydneysiege,71,0.09941782802343369,0.19305868446826935,-0.12536946438256016,0.28527252555213795
