event_name,num_threads,mae,rmse,pearson,spearman
putinmissing,9,0.10525719821453094,0.12649832665920258,-0.41196702531005774,-0.5020790110464023
