group_name,group_value,num_threads,mae,rmse,pearson,spearman,majority_sentiment_accuracy,majority_sentiment_macro_f1,majority_sentiment_weighted_f1,loss,gate_source_mean,gate_temporal_mean,gate_structure_mean
overall,all,9,0.10525719821453094,0.12649832665920258,-0.41196702531005774,-0.5020790110464023,1.0,1.0,1.0,0.016001829877495766,,,
split,test,9,0.10525719821453094,0.12649832665920258,-0.41196702531005774,-0.5020790110464023,1.0,1.0,1.0,,,,
observation_ratio,0.5,9,0.10525719821453094,0.12649832665920258,-0.41196702531005774,-0.5020790110464023,1.0,1.0,1.0,,,,
event,putinmissing,9,0.10525719821453094,0.12649832665920258,-0.41196702531005774,-0.5020790110464023,1.0,1.0,1.0,,,,
