event_name,num_threads,mae,rmse,pearson,spearman
prince-toronto,12,0.15792886912822723,0.171889066696167,0.20040737008369122,0.2183565733705734
putinmissing,9,0.1345978081226349,0.15523210167884827,nan,nan
sydneysiege,71,0.17947572469711304,0.23968788981437683,-0.34874858870252823,-0.06925052085954428
