group_name,group_value,num_threads,mae,rmse,pearson,spearman,majority_sentiment_accuracy,majority_sentiment_macro_f1,majority_sentiment_weighted_f1,loss,gate_source_mean,gate_temporal_mean,gate_structure_mean
overall,all,92,0.17227505147457123,0.22482828795909882,-0.19316703565473006,0.005706276508638073,0.9347826086956522,0.32209737827715357,0.9032730825598437,0.04951021013160547,,,
split,test,92,0.17227505147457123,0.22482828795909882,-0.19316703565473006,0.005706276508638073,0.9347826086956522,0.32209737827715357,0.9032730825598437,,,,
observation_ratio,0.7,92,0.17227505147457123,0.22482828795909882,-0.19316703565473006,0.005706276508638073,0.9347826086956522,0.32209737827715357,0.9032730825598437,,,,
event,prince-toronto,12,0.15792886912822723,0.171889066696167,0.20040737008369122,0.2183565733705734,0.9166666666666666,0.4782608695652174,0.8768115942028986,,,,
event,putinmissing,9,0.1345978081226349,0.15523210167884827,nan,nan,1.0,1.0,1.0,,,,
event,sydneysiege,71,0.17947572469711304,0.23968788981437683,-0.34874858870252823,-0.06925052085954428,0.9295774647887324,0.32116788321167883,0.8956512799424283,,,,
